customer_id,tenure_months
7590-vhveg,1
5575-gnvde,34
3668-qpybk,2
7795-cfocw,45
9237-hqitu,2
9305-cdskc,8
1452-kiovk,22
6713-okomc,10
7892-pookp,28
6388-tabgu,62
9763-grskd,13
7469-lkbci,16
8091-ttvax,58
0280-xjgex,49
5129-jlpis,25
3655-snqyz,69
8191-xwszg,52
9959-wofkt,71
4190-mfluw,10
4183-myfrb,21
8779-qrdmv,1
1680-vdcww,12
1066-jksgk,1
3638-weabw,58
6322-hrpfa,49
6865-jznko,30
6467-chfzw,47
8665-utdhz,1
5248-ygijn,72
8773-hhuoz,17
3841-nfecx,71
4929-xihvw,2
6827-ieauq,27
7310-egvhz,1
3413-bmnze,1
6234-raapl,72
6047-yhpvi,5
6572-adkrs,46
5380-wjkov,34
8168-uqwwf,11
8865-tnmnx,10
9489-dedvp,70
9867-jczsp,17
4671-vjlcl,63
4080-iiard,13
3714-ntnfo,49
5948-ujzlf,2
7760-oypdy,2
7639-liayi,52
2954-pibko,69
8012-soudq,43
9420-lojkx,15
6575-suvoi,25
7495-ookfy,8
4667-qonea,60
1658-bygoy,18
8769-kktph,63
5067-xjqfu,66
3957-sqxml,34
5954-bdfsg,72
0434-csfon,47
1215-figmp,60
0526-sxdjp,72
0557-askvu,18
5698-bqjoh,9
5122-cyfxa,3
8627-zygsz,47
3410-yoqbq,31
3170-nmyvv,50
7410-oiedu,10
2273-qckxa,1
0731-ebjqb,52
1891-qrqsa,64
8028-pnxhq,62
5630-ahzil,3
2673-cxqeu,56
6416-jnvrk,46
5590-zskrv,8
0191-zhskz,30
3887-pbqao,45
5919-tmrgd,1
8108-uxrqn,11
9191-myqkx,7
9919-ylnng,42
0318-zopws,49
4445-zjnmu,9
4808-ynleu,35
1862-qrwpe,48
2796-nnufi,46
3016-ksvcp,29
4767-hzzhq,30
2424-wvhpl,1
7233-pahhl,66
6067-ngceu,65
9848-jqjtx,72
8637-xjivr,12
9803-ftjcg,71
0278-yxoog,5
3212-kxocr,52
4598-xlknj,25
6380-arceh,1
3679-xaspy,1
7123-wquhx,38
5386-thslq,66
3192-nqeca,68
6180-ybiqi,5
6728-dkuco,72
9750-boohv,32
8597-cwyhh,43
2848-yxsmw,72
0486-heczi,55
4549-zdqyy,52
5712-ahqnn,43
4846-whafz,37
5256-skjgo,64
3071-vbypo,3
9560-bbzxk,36
5299-ruloa,10
8402-ooohj,41
9445-zueqe,27
1091-sozga,56
2928-hldba,6
0404-swrvg,3
6497-tilvl,7
7219-tlzho,4
4622-ynkij,33
4412-yltkf,27
6734-psbaw,72
3930-zgwve,1
2639-ugmaz,71
2876-gzyzc,13
6207-wiolx,25
8587-xyzsf,67
3091-fyhki,1
2372-hwuhi,2
7799-lgrdp,43
7850-vwjuu,23
3774-vbnxy,64
6217-kdywc,57
0390-dcfdq,1
3146-msegf,72
4080-ogpjl,8
1095-wgngg,61
2636-sjdou,64
1131-qqzeb,71
5716-ezxzn,65
6837-bjydq,3
2135-rxihg,1
6440-dkqge,30
3466-byavd,15
3780-yvmfa,8
3874-eqoep,7
1679-jrfbr,70
9073-zziay,62
3077-rsntj,6
6551-gnydg,14
9167-apmxz,22
2749-ctkaj,22
6371-nzyeg,16
7554-newdd,10
8992-vonjd,13
0867-mkzvy,20
4482-ewfmi,2
4648-ypbtm,53
2907-iljbn,11
6345-fzoqh,69
3376-bmgfe,4
5997-opvfa,72
3445-hxxgf,58
1159-wfsgr,16
7654-ywjuf,43
1875-qivme,2
6727-iotlz,14
0691-jvsya,53
5918-vukwp,32
1744-jhkys,34
2656-fmokz,15
2070-fnexe,7
5947-sgkcl,15
3712-pkxza,61
6317-ypkdh,1
6582-oivsp,1
9367-wxlch,8
5524-khnjp,33
1918-zbfqj,13
1024-guald,1
4827-usjhp,20
8167-gjlrn,3
0956-sycwg,13
8017-uvszu,40
7100-fqprv,43
2472-ovkup,6
2984-rgeya,69
9680-niauv,72
2146-egvdt,59
2604-ijpdu,20
9178-jhuvj,24
6168-ybynp,59
7255-ssfbc,72
3645-deygf,1
9323-hgfwy,27
8544-goqsh,14
3363-dtivd,71
7018-wbjnk,13
9142-kzxop,44
7674-ytafd,33
6348-snfus,72
1285-okipp,1
7825-ecjrf,19
1347-kttta,64
7841-tzdmq,2
4195-nzgta,1
7157-smcfk,61
4709-lkhyg,29
2504-dshih,23
0699-ndkjm,57
9286-bhdqg,72
0230-wequw,66
2040-ldiwq,65
6496-jdssb,8
9408-ssnvz,4
4443-embna,71
6469-mrvet,1
0742-moabm,4
5961-vusrv,12
6778-jfcmk,24
6341-jvqgf,31
2232-dmlxu,1
4811-jbuvu,30
0945-tsonx,47
2651-zcbxv,54
3316-uwxuy,50
8937-rdthp,1
7083-miopc,72
1984-gpteh,29
1251-krreg,2
0621-jfhol,10
9903-lysab,18
0094-oifmo,11
9227-uaqft,16
7301-abvad,72
6614-fhdbo,72
7576-aseju,41
9058-hrzsv,65
4522-akylr,13
0221-wmxnq,4
0303-uncip,41
9947-otfqu,15
0322-yinqp,1
0959-whokv,42
4075-jfpgr,51
4629-nrxkx,2
9514-jdski,1
3282-ziszv,32
3675-ydupj,10
4111-bnxif,67
7017-vfhay,61
6655-lhbyw,50
4959-josrx,2
5046-nuhwd,29
7273-tefqd,3
3606-twkgi,13
7529-zdfxi,57
7605-bdwdc,31
1950-ksvvj,45
0123-crbrt,61
6292-tosss,50
3197-arfoy,19
6323-aybrx,59
7014-zzxaw,71
4385-gzqxv,16
7633-mvpuy,57
6366-zgqgl,1
4716-hhkqh,20
5940-ahuhd,1
6432-twqlb,5
4484-glzou,52
3179-gbrwv,21
8645-kwhjo,14
4130-mzlcc,5
0314-tkosi,6
8229-myejz,10
2080-srcde,1
9577-wjvcq,68
9512-uibfx,18
6202-dyyfx,22
3808-hfkde,20
5583-sxdag,1
3488-pgmqj,8
3580-reoac,10
7534-bfesc,24
3727-owvyd,35
2294-salne,23
4847-tajyi,6
1563-iwqex,12
8203-xjzrc,1
6556-dbkzf,71
6851-wefyx,35
2985-juubz,40
6390-dsazx,1
0895-lmrsf,23
8098-llazx,4
8266-vbfql,4
8181-yhcmf,68
2240-hsjqd,38
1248-dyxub,52
0265-edxbd,32
4115-bnpjy,29
3167-snqpl,38
4091-tvocn,48
1098-tdvuq,1
7277-ozcgz,22
1557-emyvt,43
2799-arnlo,5
7563-biupc,5
5027-yocxn,51
3973-skmln,71
2321-ombxy,38
2840-xanrc,24
6745-jefzb,35
5020-zstty,54
9880-tdqac,72
8705-wzcyl,1
7102-jjvtx,9
8626-ptqge,69
4983-clmlv,52
5701-yvsvf,11
5804-lepim,2
5697-gombf,28
2739-cacdq,17
9385-ehgdo,35
9498-fimxl,8
2379-gyflq,46
0122-oahpz,7
2868-snelz,2
4322-rcymt,68
6680-nenyn,43
2088-iebau,68
7982-vcelr,36
1343-ehpyb,63
6035-bxtty,32
6885-pkoam,71
7520-hqwju,66
9639-bujxt,63
5924-sngkp,41
0021-ikxgc,1
2034-gdrcn,2
8966-snizf,70
6243-ozgfh,23
4654-dlamq,64
0513-rbgpe,37
5160-uxjed,17
4115-nzrks,7
0219-ytzue,4
0623-iihug,21
4572-dvcgn,10
3351-ngxyi,16
8984-eylll,64
9057-mswco,27
9833-tgfhx,42
9294-tdipc,5
5229-dtfyb,41
0104-ppxdv,58
5176-lmjxe,47
3583-krkmd,18
1010-diauq,5
9069-lgeul,23
7302-zhmhp,1
9571-edebv,71
3520-fjgcv,72
6563-vrerx,33
0259-gbzsh,2
6122-efvkn,24
2805-edjpq,56
6862-cqumb,37
7156-mxbje,43
6158-hdpxz,1
9601-brxpo,25
2863-imqdr,61
5686-cmawk,17
5651-crhkq,41
6905-niqin,1
8204-yjcla,72
5167-zffmm,1
6583-szvgp,48
4895-tmwir,11
0533-bnwkf,55
1708-pbboa,42
8782-lkfpk,44
5522-jbwmo,1
3597-mvhjt,27
9774-nrnau,27
0224-rlwwd,2
9967-atrfs,19
3951-njcvi,42
2977-cebsx,66
0177-pxbat,33
6599-cebnn,34
2519-erqoj,33
5876-qmyld,23
2277-axsdc,32
9442-jtwdl,11
0979-phulv,69
3067-svmtc,68
5495-gpsrw,20
7606-bphhn,72
4742-drora,60
0111-klbqg,32
4800-vhzki,1
7989-chgtl,1
0334-gddso,3
4163-ncjak,46
5233-aozuf,29
5973-ejgdp,51
1996-dbmus,48
7916-vccpb,16
4686-gefrm,70
5249-qyhex,40
0578-skvmf,22
5564-nemqo,1
2233-fagxv,5
5605-iygfg,7
7663-ztegj,29
3935-tbrzz,44
8111-bkvds,10
2055-sifss,55
2806-mlnti,52
8734-dkstz,10
4360-pnrqb,18
6152-onasv,68
9063-zgtuy,61
7781-hvgmk,72
2181-uaesm,2
2957-lolho,12
6048-njxhx,41
2320-slkmb,26
4980-urkxc,36
4376-kfvrs,72
5886-vlqvu,35
3577-amvux,1
0771-wlcla,16
5628-rkifk,49
0206-tbwlc,54
2937-fthur,18
1910-fmxjm,36
7752-xusci,60
4110-pfeuz,1
0732-ocqoc,52
5168-mswxt,8
1090-eselr,72
8592-pltmq,64
5760-wrahc,22
8847-geooq,60
0256-lthvj,28
4785-fcifb,61
8313-ndoia,24
5149-cuzuj,28
0942-kowsm,30
4237-clsmm,2
1452-voqch,1
4719-umsiy,6
6614-vbegu,24
0880-tkatg,4
3811-vbybz,7
1480-bkxga,72
2996-xauvf,70
9076-axyik,64
5968-xqive,72
8896-razcr,44
4640-uhdos,13
4933-ikulf,17
3583-ekapl,1
1304-bccfo,9
4104-pvrps,24
9399-aplbt,1
2359-kmgli,24
3780-ddgse,35
4431-edmiq,7
0306-jaele,5
6227-hwpwx,15
0486-lgcch,11
0447-bemng,48
4612-ssvhj,20
5168-mqqca,72
5949-xikae,8
7971-hlvxi,72
9094-azphk,15
3649-jpugy,72
4472-lvygi,0
8372-juxui,1
3552-ctcyf,63
6778-ysnih,2
0388-eopex,2
5756-ozrio,61
6579-jpicp,1
8205-otchb,22
4134-bsxlx,28
0505-spoow,70
6235-vdhom,5
7783-ykgdv,12
4374-ymusq,34
4513-cxyix,71
3957-hhlmr,70
7803-xoccz,52
5736-yejax,69
5609-cebid,20
8981-fjgla,11
7218-hkqfk,2
4636-qrjky,6
1135-lmecx,1
4332-muoez,20
8535-sfutn,61
5956-vkdtt,5
8677-hdzee,56
2475-mrozf,30
9412-gheec,40
3482-abpkk,28
6705-lxorm,5
0257-zesqc,27
7531-gqhme,12
5174-itumv,67
4109-cyrbd,29
0913-xwscn,55
6825-uypfk,23
8397-mvtaz,34
0750-ebaiu,52
8606-ciqul,72
3571-dpyuh,58
7601-gndyk,35
0356-obmac,56
8067-nioym,24
1403-gyafu,70
4234-xtnea,2
1297-vqdrp,68
9282-izgqk,1
5348-cagxb,12
0621-hjwxj,63
5844-qvtat,33
8905-iazpf,69
5394-meitz,60
6859-qnxiq,72
2782-lfzvw,11
2866-ikbtm,1
1342-jpnki,10
2817-ntqdo,13
7129-azjde,34
6986-ijdhx,39
2560-ppche,65
4676-mquea,50
8138-ealnd,15
3580-hycsp,72
1352-hnsaw,72
2075-puepr,55
1982-febtd,23
5301-gauuy,32
5791-kajfd,56
2654-vbvpb,1
1154-hywwo,38
2501-xwwtz,11
3716-uvspd,1
6815-abqfq,56
7343-eobeu,3
3701-sfmuh,7
6103-lianb,59
7319-venrz,7
5846-neqvz,71
6967-qiqrv,15
5781-rfzrp,71
0939-yapaf,35
0308-ivgok,11
7293-lscdv,60
7025-wcbne,47
5756-jyojt,11
4710-fduiz,56
6030-rehux,28
9548-ligta,61
5150-ljnsr,31
8270-rksap,9
6522-yrbxd,35
2640-lymov,2
1218-vkfpe,12
3627-fhkbk,1
2865-tchjw,4
1423-bmpbq,1
2393-divai,3
5192-ebgov,1
4568-knywr,52
8752-imqos,5
0742-lafqk,72
0795-lafgp,71
0619-olyur,72
5512-idzei,46
0459-spzhj,63
0215-bqkgs,30
9244-zvapm,1
0719-syfrb,12
8208-eumte,16
5172-migpm,4
1710-rcxus,51
0374-fiuca,65
5839-suyvz,16
5173-zxxxl,2
1096-adrux,66
2001-mcuuw,46
2731-gjrdg,32
4723-begsg,72
6516-nkqbo,38
8672-oaupw,51
8207-dmrvl,72
3419-snjjd,65
6543-cpzmk,9
4765-oxppd,9
2804-etqdk,66
6689-vrrtk,44
7138-girsh,50
9396-zsfll,15
6464-kexxh,8
7134-mjpdy,66
5240-caoyt,57
4059-iiebk,7
4881-jvqod,10
0516-uxrmt,62
4851-bqdnx,40
5148-hkfir,20
1009-irmna,7
3003-cmduu,25
5016-iberq,23
6797-ucjhz,66
2469-dtsgx,72
4554-ygzih,49
5099-bailx,43
9931-kghoa,46
1775-kwjkq,72
7665-vigud,10
9411-tpqqv,40
7207-rmrdb,65
7954-mlbun,31
2077-ddhjk,68
4913-ehyui,56
0195-iescp,10
9574-bosmd,68
4580-tmhju,43
0970-etwge,1
4908-xaxay,49
8404-vlqfb,15
1626-ercmm,20
0887-hjgar,1
2391-iplop,50
5644-pdmzc,2
3509-gwqgf,24
9576-anlxo,3
2024-baskd,1
5845-bzzib,35
1140-ukvzg,17
4160-amjtl,8
5183-snmjq,10
8100-pnjmh,68
7838-lazfo,45
4464-jcoln,2
2085-jvgad,37
5650-vduds,4
8095-wanwk,10
3030-zkiwl,1
9565-flvcg,65
8755-ogkna,57
2800-veqxm,3
7538-gwhml,2
5533-rjftj,49
3859-cvcet,4
0214-jhpfw,70
5642-mhdqt,53
3088-fvywk,53
3276-hdueg,1
9092-gdzko,22
0823-hscdj,52
3729-owrvl,65
2324-aalno,48
0822-gavap,2
5760-ifjoz,3
2826-uwhis,45
1448-pwkye,1
7501-iwung,61
4957-treir,3
7251-ljbqn,40
8040-mnrtf,1
1536-hbswp,1
5313-fpxwg,51
0067-dkwbl,2
0946-fkytx,52
5076-yvxcm,51
8262-coggb,1
6663-jocqo,31
9620-qjrev,47
2276-ydavz,3
2682-kevrp,22
2480-jzosn,1
0078-xzmht,72
5896-npfww,3
9978-hycin,47
8338-qiunr,72
1525-lnloj,66
9450-trjuu,35
1766-gknmi,29
6942-lbfdp,2
1456-twcgb,4
7133-vbdcg,25
7596-zywbb,65
8329-utmvm,27
3014-wjksm,29
3347-yjzze,29
1029-qfben,1
7929-dmbcv,20
9661-jalzv,58
5433-kyghe,14
4312-kfrxn,72
5575-tpizq,46
0114-igabw,71
9944-aexbm,32
1853-araaq,26
6952-omnwb,68
4697-lupsu,2
8434-vgeqq,61
4952-ysogz,4
1589-agtlk,3
5244-irfih,33
6549-ymfaw,9
4950-hkqte,22
6786-obwqr,5
2684-eiweo,30
2753-jmmcv,65
6439-gtpca,45
6621-yobki,5
1216-jwvux,25
7564-ghcvb,72
1173-noeyg,27
7595-ehcdl,32
6647-zedxt,30
2521-npuzr,70
1307-tvufb,42
7503-mioga,72
4381-mhqdc,47
6923-jhpmp,2
5138-wvkyj,10
4018-ppndw,61
1635-fjfcc,5
2499-ajyua,72
6919-elbgl,72
3966-hrmza,3
6425-jwtdv,48
8405-igqfx,63
8224-ivvpa,27
9477-lgwqi,70
1410-rscmr,7
3115-czmzd,0
0139-ivfjg,2
6683-vlctz,20
5730-dbdsi,66
0030-fnxpp,3
2189-wwoew,15
5684-fjvyr,72
4013-guxnd,1
1894-igfsg,22
7379-pokdz,3
1266-nzyui,72
7969-ffowg,65
4718-dhsmv,11
5175-wlyxl,22
7817-omjna,14
8728-skjlr,41
3137-nyqqi,17
7706-dznkk,11
0236-hfwsv,15
3900-aqphz,1
5842-pocop,5
2037-xjfup,33
8823-rlpwl,72
9505-sqfsw,3
7314-oxenn,2
3758-ckoql,59
0322-chqru,2
5676-cflyy,71
7521-afhab,5
0285-inhln,27
4678-dvqeo,1
5125-cndsp,63
0691-ifbqw,46
4992-ltjne,72
2202-outmo,34
0810-bdhaw,24
0229-lfjaf,72
7131-zqznk,60
3442-zhhcc,68
5726-cvnya,8
9871-eleya,34
4257-gaesd,6
5173-wxoqv,2
2040-obmlj,31
6286-zhaok,20
3807-xhcjh,1
3009-jwmpu,62
5671-rqrlp,70
1450-galxr,10
8859-axjzp,39
3174-akmas,46
3138-bkyav,6
9926-pjhdq,72
7382-dfjtu,18
2798-nylmz,71
4289-dtdkw,40
1820-tqvev,1
2239-jalaw,58
4853-rulsv,70
8098-tdcbu,42
3551-gaegl,34
4785-nkhcx,5
3196-nvxlz,25
6275-yduvo,2
0036-ihmot,55
0115-tfert,21
4178-egmon,70
4220-tinqt,61
5318-ykdpv,43
7975-tzmlr,47
0295-qvkpb,5
4335-bsmjs,62
2311-qymuq,16
3643-ahcfp,7
9146-jriox,14
3104-owcgk,60
5337-iiwkz,34
9101-bwfss,50
9650-vbuog,38
3487-earat,70
2672-tgeff,37
9231-zjyam,4
4250-waroz,60
8184-wmofi,62
6982-sshfk,1
6092-qzvpp,36
4625-lamob,44
0727-bmplr,55
0392-bziuw,72
1038-zagbi,12
6549-nndyt,13
3027-ztdho,1
0422-ohqhq,15
6916-hijse,65
2316-esmls,12
9778-ogkqz,72
7408-ofwxj,72
6007-tctst,72
2252-nknsi,52
8713-igzso,2
7905-tvxta,5
7695-pklcz,68
2382-bckqj,62
8374-uulrv,72
2207-nhrjk,1
3224-dfqnq,66
5275-pmfut,72
4795-uxvcj,26
9777-iqhwp,64
0947-mugvo,20
9944-hkvvb,3
4124-mmetb,22
3671-shrsp,4
0979-mozqi,62
2732-isezx,5
3313-qknkb,59
0323-xwwtn,3
1937-otuky,72
1573-lgxba,57
1764-vuumt,66
5073-wxoyn,60
4713-zburt,45
3050-gbush,3
0207-mdknv,15
7876-aehig,51
7945-hlkea,60
9342-vnimq,33
9851-kielu,10
3523-brguw,26
3908-blsyf,6
3199-npkcn,67
5170-ptrka,49
4661-njeux,1
2123-ageen,7
1258-ymznm,27
0048-lumls,37
7549-mygpk,63
5898-igslp,31
3804-rvtgv,50
6259-wjqlc,32
9227-lunbg,1
7997-eassd,63
0730-koave,30
8975-skgrx,71
0678-rlhvp,53
4315-murbd,12
2267-fpima,50
1051-gejlj,2
9734-ywgex,9
2719-bdaqo,17
5285-mvehd,56
0379-djqhr,67
0781-lkxbr,9
5543-qdcry,4
0297-rbcsg,19
4694-phwfw,8
0835-jkadz,71
1907-ubqfc,10
7508-smhxl,15
3865-yiott,72
5993-bqhea,12
6024-ruggh,72
6513-eecdb,1
3956-cjust,23
4079-wwqqq,72
6103-bocou,26
5149-tgwdz,21
7471-wnsuf,60
8942-dbmhz,12
4301-vvzka,16
9199-pwqvc,63
4824-gucby,22
5393-hjzsm,32
7074-ievoj,3
9625-qstye,13
0862-prcbs,68
8812-zrhfp,30
5146-cbvoe,16
0454-okrct,33
5787-kxgiy,72
4750-zrxiu,4
4198-vfoea,12
6630-ujzmy,4
5709-lvoeq,0
6400-bwqkw,6
2692-aqcpf,65
0347-ubkuz,15
0835-duuiq,24
0811-gsdtp,13
7567-ecmcm,24
6115-ztbfq,72
6353-brmma,54
6680-wkxrz,3
6231-wfgfh,4
9904-ehevj,32
7028-dvoiq,35
6169-ppetc,35
4208-uffgw,2
8584-kmvxd,8
8467-wynsr,22
0851-dfjkb,15
5382-soyzl,22
9448-reevd,1
3261-cqxol,71
8388-fynpz,4
4002-bqwpq,25
5651-ylprd,32
2826-dxlqo,7
4378-bzyfp,17
9489-utfka,8
4849-pyrlq,56
9117-shlzx,1
9889-tmahg,8
4541-rmrlg,7
7764-bdpee,3
3429-iflem,71
3158-moerk,2
7294-tmaop,1
5002-gcqfh,49
0556-fjegu,58
8919-fyfqz,44
0604-thjfp,59
2834-jrtua,71
5875-ypqfj,1
5879-sesnb,11
6646-qvxlr,62
6461-ppaxn,35
3318-isqfq,20
1106-hrlkz,40
2483-xssmz,39
8603-ijwdn,1
8165-zjrnm,72
9369-xfehk,33
2604-xvdam,12
3717-ofrtn,1
9046-jbfwa,27
3280-nmuvx,34
1206-ehbdd,56
8361-lbrdi,58
4883-kcpzj,22
9108-eqpnq,10
7277-kamwt,13
3842-iykue,35
6641-xrpsu,34
1374-dmzui,4
2545-lxyvj,72
3234-vkacu,2
8357-eqxfo,7
1989-prjhp,27
8120-jdcam,4
8917-faemr,37
7047-yxdmz,21
2858-eimxh,53
9524-egpjc,18
6993-ohlxr,2
8818-xyfcq,32
6419-zttle,23
0929-hyqew,3
6614-yolac,71
7426-rhzgu,9
4065-jjava,1
4695-vadhf,18
3863-iubjr,12
7649-sijjf,71
9361-ynqwj,64
3748-fvmzz,4
9391-ttoyh,23
1452-xrsjv,39
3422-wjoyd,28
8242-soquo,5
7460-itwwp,45
7147-aybaa,37
7868-tmwmz,60
4822-rvybb,8
6732-fzugp,47
8436-bjumm,26
4184-tjfan,3
8329-gwvpj,50
1352-vhkaj,27
4145-uqxuq,8
2632-tacxw,62
8146-qqkzh,71
1767-cjkba,66
6445-tnrxs,68
4581-lnwum,13
4869-epius,56
9948-yptdg,38
1236-wfcdv,14
1915-oakwd,16
7296-pixqy,14
4883-qicih,32
3354-oadjp,8
3524-wqdsg,43
0810-dhdbd,52
4026-skkhw,3
2829-hyvzp,29
8329-ibcti,1
1271-sjbgz,12
3845-jhamy,16
7013-psxhk,40
5669-sraip,5
5981-itemu,40
3486-npgst,36
6941-pmgep,5
1624-woiwj,10
2074-gkowz,2
0376-ymcjc,23
6100-fjzdg,26
4829-zljtk,72
1730-vfmwo,34
7143-bqiba,10
3800-lytrk,14
0634-szpqa,23
9646-nmhxe,47
7030-njvdp,24
5536-rtpwk,49
8883-grdwq,20
6166-ilmny,2
3097-nnspb,2
7771-zonat,22
0655-rbdug,7
2111-dwyhn,1
4194-whfcb,59
4121-agsin,58
4361-bkaxe,41
9845-peeko,59
0455-xfass,3
0301-kobtq,32
1751-ncdli,46
4367-nuyao,0
9878-tnqgw,2
9170-arbtb,52
4441-nihpt,13
8999-bohse,11
7241-ajhfs,32
7029-rpuav,17
4546-fokwr,16
9036-cskbw,51
5832-trlpb,29
8590-yffqo,70
8659-ioopu,71
1338-cecee,41
7439-dkztw,1
4646-qzxtf,7
4607-chpca,25
9742-xokts,67
6921-ozmfh,5
9578-fomuk,15
4712-uyooi,20
8824-rwfxj,3
7722-cvfxn,54
8717-vctxj,42
7363-qtbiw,9
4159-naaix,63
0971-qifjk,69
9397-tzsha,69
3391-jsqew,40
0343-qluzp,60
9763-pdtkk,4
2176-lvpnx,71
7627-jkiaz,37
3312-uumzw,32
1271-uodno,39
8461-efqym,38
6900-rbker,52
6891-jpyff,48
1459-qnfqt,70
1047-nncbf,20
3696-xrien,50
4081-dyxav,19
0074-hdkdg,25
8791-gfxlz,12
8111-sllhi,39
0927-lcsmg,7
9330-dhbfl,23
0098-bowso,27
3452-abwrl,47
5859-hzylf,26
8257-rzahr,14
5293-wxjak,11
3156-qlhbo,2
2208-nqbct,26
1779-pwpmg,72
6621-nrzak,63
0831-jnisg,71
0774-ifuvm,11
3082-wqrvy,14
9553-dlclu,13
1641-bybtk,6
2460-ngxbj,11
2446-zkvaf,18
0841-nulxi,1
3522-cdkhf,32
1430-sfqsa,29
0411-ezjze,3
7851-wzeky,2
8844-tonud,13
8807-arqet,41
8992-ceuen,1
4320-qmlla,7
8777-pvygu,52
8292-itgyj,45
6870-zwmnx,70
0621-cxbkl,53
5268-dsmnq,62
5334-jlaxu,60
4086-yqsnz,3
6242-mbhpk,23
5868-czjdr,1
9359-ugbtk,67
0135-nmxap,12
4782-osfxz,71
6479-oausd,25
7129-acfog,5
4189-nakjs,26
5562-betpv,1
1282-ihqac,70
9127-fhjbz,72
6270-omfiw,60
1641-rqday,32
0107-weslm,1
6994-orcwg,14
1346-ufhax,13
3992-ywpko,6
2933-xeujm,46
0125-lzqxk,15
5461-qkntn,43
4835-ysjmr,39
8399-yndch,21
3164-yaxfy,57
0887-wbjvh,53
4660-iribm,18
5673-fssmf,1
7670-zbpoq,58
8089-uzwlx,71
0080-orozo,35
3916-nrpap,3
6807-siwji,38
8221-hvayi,35
1579-klydt,7
5232-nxpay,47
8967-szqas,14
4468-kazhe,20
0455-entcr,66
8944-ailef,15
5542-nkvru,42
7126-rbhsd,17
5370-iivvl,37
6789-hjbwg,12
3927-nlnry,53
9087-eycpr,60
6791-ybnak,18
6358-lyngm,1
6077-bdpxa,3
0013-mhzwf,9
5494-hecpr,1
8268-ydixr,56
9824-bemcv,17
1373-orviz,11
4291-shsbh,7
6980-imxxe,69
9866-qevee,19
9897-kxhcm,3
0040-halcw,54
0784-gtuuk,62
7979-corpm,24
2294-dmmus,62
0872-jcpib,17
3055-mjdsb,9
9091-wtuuy,64
1618-cfhme,2
3165-hdoew,1
6581-nqcba,16
7115-irdhs,72
8496-dmzuk,30
2040-vzike,49
9068-vpwqq,61
0178-szbho,47
0384-rvbpi,20
1689-mrzqr,34
1299-aurja,70
4525-vzczg,54
1543-lllft,61
5835-beqeu,3
2788-cjqaq,13
5565-filxa,16
0319-qztco,3
2120-smpex,25
0096-fcpuf,30
0668-ogmhd,21
5552-znfsj,1
2223-kagmx,15
6507-zjsur,23
9408-hrxrk,45
5593-suaoo,24
7321-pkuyw,11
2833-slkdq,1
6766-hfkla,56
7595-euivn,1
7617-eyglw,1
2026-tgdhm,7
9220-znkji,55
4030-vpzbd,2
2226-icfdo,72
0723-vsobe,45
5529-gibvh,47
4187-cinzd,46
9992-ujoel,2
4741-wwjqz,2
6625-utxew,12
6818-wobhj,68
6244-besbm,69
1004-noznr,56
1251-stysz,4
2612-phgox,64
2408-tzmjl,59
8480-pponv,62
8780-ihcrn,63
4598-zadck,53
1257-sxuxq,5
9681-kygyb,49
7182-ovlbj,62
5095-etbrj,55
7005-cyuil,71
4821-wqoyn,72
4730-awnau,36
3452-flhyd,25
2388-laesq,72
9531-nsbmr,36
6260-onulr,1
4389-uefcz,72
8711-lobky,59
9134-ceqmf,7
8985-oopos,1
8800-zkrfw,30
2616-flvqc,64
9968-ffvvh,63
3108-pccgg,72
7993-pykof,8
8390-fesfv,62
3022-bexhz,67
5027-xwqha,6
6248-tkcqv,70
6729-gdngc,20
6198-zfioj,5
5989-omnje,24
4566-qvrrw,11
1291-cuocy,72
9795-shuhb,66
3230-iualn,45
0042-rlhyp,69
8519-imdhu,15
4945-rvmte,28
0201-oamxr,70
1866-nxpsp,36
3372-kwfbm,16
7831-qgoxh,18
6393-wryze,34
3941-xtskm,42
1661-czbau,48
6599-rclcj,47
9831-bpfri,39
5158-rivop,11
9788-ytfge,7
9277-joomo,3
1907-ylnyw,8
1725-mimxw,1
8947-yrtdv,32
3161-onrwk,60
0114-rsrrw,10
4565-nlzbv,71
0031-pvlzi,4
7206-gzcdc,1
6682-vcixc,43
4791-qrgmf,59
6475-vhuiz,23
3910-mrqoy,72
0661-wcqnq,22
7537-rbwea,1
4656-caurt,69
0121-snyrk,50
1768-zaifu,1
4671-lxrdq,2
3733-lsyce,15
6265-frmtq,31
1934-sjvjk,1
3838-ozurd,66
1371-dwpaz,0
9269-cqool,3
2017-ccblh,8
7690-kpncu,64
0536-bgfmz,28
2293-ijwps,57
2845-hsjcy,14
5469-nujur,19
1184-pjvdb,10
2625-trczq,51
4102-hlenu,67
7266-gssjx,11
7722-vjrqd,72
7073-qetqy,66
9415-dpews,18
5624-ryamh,9
0196-jtuqi,9
7130-yxbro,48
9272-lsvyh,10
7943-rqchr,9
3793-mmfuh,13
3249-zpqrg,4
2568-brgyx,4
3084-dowle,72
1084-mnsmj,51
7721-jxeaw,59
7249-wbiyx,10
4238-hfhsn,61
6250-cggun,54
5478-jjvzk,33
7596-iiwyc,27
6567-hoopw,1
9793-wecqc,23
4291-hpaxl,1
8999-ypybv,45
1839-fbnfr,39
3164-aalrn,5
3071-mvjcd,72
1697-bcshv,58
0562-kbdvm,70
1131-suekt,61
3717-oeauq,2
4538-wntmj,46
3334-cthol,1
4704-eryfc,22
9432-ruvsl,48
8060-hiwjj,64
7684-xsziy,72
9089-uowjg,12
8621-mnihh,34
8039-aclpl,72
9885-aibvb,29
1934-mkpxs,33
2592-ykdif,1
2272-jkmsi,62
0471-lvhgk,41
9518-rwhzl,64
8714-ctzjw,4
3569-edbpq,24
3131-nwvfj,14
7521-yxvzy,3
5419-conwx,4
6240-eurks,18
2373-ntkod,8
1970-kkfwl,35
6960-hvyxr,1
9337-srrni,66
0895-uadgo,8
5678-vfneq,71
5977-ckhon,43
7024-ohcck,2
2692-bucfv,29
7861-uvuft,15
1830-ggfnm,65
5302-bdjnt,35
5223-uzavk,64
4859-zsrdz,58
5651-wyiph,18
9350-vlhmb,67
3498-lzgqz,63
8785-cjshh,60
5357-tzhpp,9
3870-spzsi,70
0680-dfnny,15
7560-qrbxh,48
7077-xjmet,12
8752-ghjfu,71
6896-srvyq,44
7767-uxagj,1
4652-odevh,45
6510-upnks,23
6718-bdghg,43
9046-dqmtp,35
6439-lajxl,9
1571-savhk,12
9052-vkduw,65
9546-cqjsu,2
1666-jzpzt,27
5777-kjirb,40
0506-lvngn,5
7677-sjjjk,8
2480-ejwyp,58
3253-hkokl,52
7055-hneoj,3
5514-yqent,41
3211-aapkx,20
8445-dnbae,1
2951-qoqtk,4
2958-nhpps,23
6806-ydeul,6
1735-xmjvh,8
6890-pfrqx,18
0222-cnvpt,52
5899-ouvkv,31
8681-icons,29
1621-yncjh,36
3473-xiiit,16
6362-qhafm,42
7893-ixhrq,1
3070-bdoqc,60
2952-qayzf,5
6234-pfpxl,22
9824-qcjpk,36
4763-pgdpo,4
4283-ivyci,9
1866-obpnr,1
8205-mqugy,12
8970-anwxo,23
9480-bqjei,62
5394-svgjv,37
6979-tndeu,8
9777-wjjpr,31
9283-lzqoh,13
7079-qrcbc,24
9495-sklkd,45
6048-uwkal,69
5067-dgxll,2
5469-ctcwn,61
9851-qxeeq,41
6281-fkews,44
8898-kascd,39
9242-tkfsv,72
9290-shcmb,13
0743-hnpfg,51
2277-bkjkn,71
9809-imgcq,22
5208-hfsbt,2
5035-pgzxh,56
8695-wdyea,1
6543-jxsoo,23
8016-zmgmo,66
8605-ituld,1
3254-yrilk,19
6416-yjttb,11
2667-wylwj,8
4472-vesgy,52
3195-tqdzx,3
3128-yovtd,51
0529-onker,15
1728-cxqbe,64
7041-txqjh,37
5014-gsouq,13
5724-bidbu,49
0481-sumcb,45
1769-gruik,18
5240-ijoqt,1
8819-wfggj,68
7427-aufpy,54
2811-povex,23
1092-ganhu,17
7898-pdwqe,71
9972-ewrjs,67
9314-ijwsq,14
0661-xeyan,1
5799-jrczo,63
1921-kysay,41
6198-rtpmf,17
2924-khuvi,56
1925-gmvbw,5
7881-evuad,2
6184-dyuob,3
9207-zpanb,37
5766-xqxmq,29
9327-qsded,8
1656-drsmg,63
3012-vffmn,7
2984-afwnc,3
0640-yjtpy,72
8096-loist,19
9764-reaff,59
3703-vavcl,2
7107-ubyky,35
4881-gqjtw,14
8519-qjgjd,14
7876-dnyap,69
7905-njmxs,7
2882-wdtba,69
2091-gppiq,72
6326-mttxk,8
5071-fbjfs,4
2796-uuzzo,63
2429-aykko,72
9798-opfem,46
0330-ivzha,5
3794-nfnch,30
5193-qlvzb,63
7114-aeoze,60
2886-kefum,63
5522-nykpb,25
4237-rlaqd,1
9957-yodkz,6
6518-kzxcb,22
2245-adzfj,31
7776-qgyjc,39
9313-qoltz,26
9651-gtsaq,53
3186-baxnb,1
4672-fotsd,12
0637-ylety,16
9818-xqcuv,2
7338-eriva,39
1157-bqcuw,1
8259-nfjtv,7
3223-dwfio,4
2660-emubi,10
6968-gmkpr,55
4751-erman,72
1436-zmjan,10
3292-pbzej,11
0799-ddihe,15
3070-fnfzq,23
2812-sfxmj,1
7675-ozczg,3
5014-wuqmg,47
5312-tszvc,15
2003-cklor,66
0993-osgpt,68
9254-rbfon,17
1205-wnwpj,7
9391-eoyli,12
7108-dgvuu,21
2782-jeebu,21
5127-bzenz,56
2720-fvbqp,6
9906-nhhvc,65
4522-xrwwi,42
3766-ejlfl,68
5939-sxwhm,48
8152-uobny,50
7351-kyhqh,7
7643-rchxs,63
8246-shfga,17
8387-mojjt,42
0620-xefwh,4
6485-qxwwe,62
2761-ociax,2
7321-vgnku,2
5327-cnluq,48
7552-keygt,27
5816-jmlgy,70
3068-omwza,1
2927-qrrqv,46
6032-krxxo,30
7459-rrwqz,15
6265-sxwbu,69
7941-rcjow,65
6374-ntqlp,72
4154-aqugt,13
2387-kdzqy,17
3584-wkttw,51
3399-bmlvw,51
1971-dtczb,72
3092-ighwf,67
3374-pzlxd,34
3813-dhbbb,67
2812-reyat,49
6518-pplmz,53
4939-kyypy,27
8017-lxhfa,23
5930-gbiwp,69
6022-kouqo,2
6352-twcau,35
2361-upsnd,46
6035-riiom,54
2929-qnsrw,56
1262-opmfy,9
9504-dshwm,20
5035-bvcxs,11
6267-dcffz,30
3533-uvmom,68
2439-lypmq,38
4248-qpavc,17
1899-vxwxm,48
1478-vpoad,1
9995-hotoh,63
2988-plahs,3
1371-ojcek,48
4999-iezlt,66
8883-anodq,68
4690-llkua,17
2351-rrbue,7
5980-bdhpy,72
1498-dqnrx,29
9469-wejbt,37
3331-hqdtw,34
9490-dfpmd,42
2581-vkirt,59
5442-xsdcw,11
7426-weijx,60
2851-mmutz,27
3049-ndxfl,1
8580-aecuz,1
3307-tlcud,17
6625-fleno,58
2967-mxrav,1
7963-gqrmy,3
8189-hbvrw,53
4163-kiuhy,35
1228-fzfrv,50
3500-nsdoa,68
1171-tykur,47
3761-flyzi,65
2058-dcjbe,5
5364-xyirr,51
4829-auoax,46
1219-nnddo,9
8388-dmkae,8
4403-bwpay,14
9659-qeqsy,45
5405-zmyxq,8
5047-lhvly,1
1442-okrje,66
4737-aqcpu,72
9158-vctqb,41
2808-chtdm,23
6311-ueume,29
0793-tweln,4
3283-wcwxt,6
1060-entof,67
0999-qxnsa,7
5451-mhqof,56
4836-wnfno,72
9225-bzlnz,72
0354-vxmjc,23
4422-qvija,35
9365-srsze,27
6839-itvzj,26
8332-osjdw,12
4735-bjkou,40
0274-jkujr,7
5740-yhgtw,70
8917-szttj,60
1696-mzvau,39
7359-wwyjv,72
0375-hvgxo,1
4906-zhgpk,54
8593-whyhv,3
3795-gwtrd,63
1298-phbti,71
6223-dhjgv,42
6961-mjkbo,47
6097-eqisj,66
4423-ylhdv,21
8158-wpezg,11
0107-yhina,1
4918-fyjnt,55
0727-bnrlg,69
4854-cidcf,3
8640-sdgkb,4
3280-mrdof,30
6435-srwbj,5
9964-wbqdj,71
6303-kfwsl,29
1702-ccfnj,52
8932-czhrq,68
0386-cwrgm,46
5515-rugkn,8
0404-ahasp,72
7279-nmvjc,17
2081-veyeh,3
6407-utslv,2
4116-tzaqj,9
9060-hjjrw,51
2587-ynles,6
7398-sknqz,3
5935-fccnb,17
1958-rnrks,30
5136-rgmzo,31
8345-mvdyc,45
8226-bxges,64
3877-jrjip,1
8375-dkebr,1
9705-iovqq,61
1015-owjki,1
7511-ymxvq,9
2040-xbavj,72
7551-johti,1
8887-ipqnc,7
8646-jcoms,66
9804-icwbg,1
1222-kjnzd,40
0106-ghrqr,16
5318-ixuzf,2
3768-vhxqo,67
8952-wcvcd,41
2418-tpeun,56
3963-ryfns,72
3198-velrd,3
8540-zqgea,54
1320-rehcs,52
4137-jophl,50
9436-zbzct,14
7801-cednv,27
2057-boykm,72
3658-qqjyd,62
1803-bgnbd,12
0134-xwxce,44
6950-twmyb,54
5848-fhrfc,68
2243-fnmmi,20
2511-morqy,50
5356-kzckt,58
9470-xccem,35
6519-cfdbx,2
3902-mivle,63
0409-wtmpl,58
8763-kiafh,27
3669-whafy,71
3055-vtcgs,63
3144-kmtwz,71
7279-buywn,41
7156-mhugy,13
7198-glxtc,2
2007-qvgaw,68
5207-plstk,1
2307-fynnl,65
5605-xnwen,72
2155-amqrx,28
6181-axxyf,72
5091-hfazw,2
0516-vrybw,18
2519-lbnql,60
8623-ulfnq,26
8380-pefpe,1
5687-dkdtv,4
1568-ljszu,68
7530-hdyds,38
7789-hksbs,42
7416-cktep,57
2586-cwxvv,54
3096-izetn,12
2348-kcjlt,44
8401-emuwf,42
4193-ibksw,72
5377-ndtou,71
5922-abdvo,19
2474-lcnue,23
0839-qnxme,30
3506-ovlkd,35
9172-ancrx,10
6650-vjonk,1
2178-pmgcj,22
7492-tafjd,7
2773-madbq,36
6016-lvtjq,34
7860-ksugx,72
8966-kzxxa,36
6910-hadcm,1
4816-lxzyw,23
9606-pbkbq,32
5149-qyttu,71
2070-xymfh,23
2085-bojki,17
0817-hsuse,1
5442-pptjy,12
1927-qewmy,72
1663-mhlhe,1
5663-qbgis,72
4450-mdzfx,60
6701-dhkwq,61
7554-akdqf,6
3536-iqctx,32
4911-banwh,31
8496-ejaui,19
0794-yvsge,72
5423-bhixo,32
6908-vvyhm,65
2959-eexwb,45
1839-umack,42
3030-ydnrm,8
7321-kksdu,32
3402-xriuo,22
3132-tvfdz,57
8286-afuyi,1
8080-ddemj,1
8356-wuaoj,1
6365-mtgzx,24
1349-wxngg,1
8058-dmyru,54
9350-zxyjc,4
6990-ynrio,65
8958-jptrr,56
6959-gqegv,45
3173-wssue,71
1265-hvpzb,59
4115-umjfq,69
7369-trpfd,19
1098-kfqec,55
7190-xhtwj,38
0621-twiem,10
3537-rybhh,47
2485-itvkb,2
3669-oysji,1
1612-eohdh,1
6702-ohfwr,1
5296-bfcyd,46
4510-pyush,38
9359-janws,65
7517-sawmo,19
4143-hhpmk,52
3279-dyzqm,71
7054-lgeqw,1
0523-vngtf,52
9575-iwcaz,6
7105-mxjll,26
7064-frrsw,48
7940-uqqug,64
0923-pnfub,3
3961-sxaxy,1
7010-brbuu,72
3566-hjgpk,1
3062-icyzq,51
9938-prcvk,41
0973-kyvnf,72
5129-hhmzc,43
9637-cdtkz,72
3946-jewrq,47
7873-cvmaw,72
0463-wzzko,3
3494-jchrq,1
6474-fvjlc,2
4524-qcssm,26
5832-exgtt,29
8840-dqlgn,35
2039-jondj,27
7217-jyhoq,24
6695-frvec,67
4547-lytdd,16
9894-qmimj,23
8069-yqqaj,14
6770-xuagn,1
4193-orfcl,1
1636-ntnco,4
3466-waesx,16
9281-pkkze,46
3638-vbzta,68
7459-imvyu,38
7776-qwnfx,30
6689-tczhq,5
8563-oymqy,17
0754-eebdc,4
5777-zpqnc,12
1951-ieyxm,72
3318-nmqxl,3
3143-ildal,56
1022-rkxdr,41
2361-fjwno,40
2272-uoini,7
8232-utfoz,69
3750-yhryo,7
6637-kyrcv,5
5668-meisb,72
0129-qmpdr,44
7188-cbbba,65
5356-csvsq,3
3221-cjmsg,24
4720-vstsi,44
3219-jqrsl,72
2801-nisei,24
3946-mhczw,1
4623-zkhly,22
6732-vaile,70
8201-aaxcb,25
7696-cftat,37
1845-csbrz,22
2123-vscot,59
6651-azvtj,49
4566-goluk,47
2484-dgxpz,31
2018-qkygt,1
2792-vppet,3
7409-jurkq,53
3247-mhjkm,1
1964-svlea,20
4587-nukox,3
7297-dvyga,51
2239-cgbuz,51
0854-uyhzd,13
7243-lcggz,1
8267-kfgyd,1
4890-vmuav,63
9261-wdcaf,3
3764-mnmoi,46
7442-ygzfk,1
0420-bwtpw,8
8229-bujhx,71
7449-hvpiv,55
5504-wsiur,70
8183-onmxc,2
8466-pzblh,67
9614-rmgha,65
8735-ijjeg,14
0564-muuqk,20
5054-iexzt,1
5834-aspwa,1
0701-rfgfi,49
0019-efaep,72
5619-ptmik,46
3737-xbqdd,24
5882-cmazq,5
5846-qfdfi,33
4445-kwokw,42
3511-appbj,23
7967-hycde,8
2430-rryuw,66
3948-xhgna,24
3723-bfbgr,24
0565-iycgt,69
5447-wzafp,53
5110-chopy,60
5445-utodq,7
4425-owhwb,20
7892-qvykw,23
9675-icxct,72
1024-vrzhf,11
4703-mqykt,21
9497-qcmms,1
5692-icxlw,31
0602-dduml,57
2208-mpxio,45
1960-uycnn,10
0348-sdkol,58
3190-fzatl,14
7336-rllrh,27
4373-mavjg,14
8901-hjxtf,12
7710-jsyoa,69
5419-klxbn,25
3424-nmnbo,58
9885-mfvsu,35
4514-gfcfi,16
0607-mvmgc,45
3365-saigs,17
9828-aoqlm,1
8022-becsi,22
8000-reiqb,1
9993-lhieb,67
0266-clzkz,67
7615-esmyf,2
3858-vobet,23
7020-ozkxz,9
3977-qcrsl,5
0017-dinoc,54
1447-pjgga,57
8565-clbzw,24
9139-wqqdy,49
0224-hjapt,5
8086-ovpwv,2
9430-frqoc,4
7639-oplng,70
3074-gqwyx,5
1492-qgclu,53
6845-rgtys,47
7328-owmom,31
4418-lzmsv,13
5155-azqpb,28
8861-hggkb,10
1087-gruyi,38
7065-yunry,1
7694-vlbwq,67
2546-kzaat,52
0181-ritdd,62
5989-pgkjb,16
4795-ktrth,5
8272-onjlv,12
1488-pbljn,72
0308-giqjt,71
3778-foaqw,24
4452-rohmo,15
6481-ogdoo,67
3090-letty,2
5349-azpew,5
3753-tsemp,15
8305-vhzbz,1
9720-jjjor,41
8100-hzzlj,43
8775-erlnb,1
8309-ieyjd,1
9172-jitsm,26
6298-qdfnh,22
7398-hpyzq,71
3546-gheae,7
7361-ypxfs,28
6557-bzxlq,16
2550-qhzgp,7
7519-jtwqh,69
2538-oimxf,1
8543-msdmf,3
9961-jbnmk,21
1170-sasml,69
4872-jcvca,71
5346-bzchp,69
2038-llmlm,48
6173-itpwd,47
9734-uyxqi,2
1216-bgtsp,45
4138-naxed,51
2189-uxtky,22
0744-bikkf,72
7483-iqwib,37
5248-kwlar,71
4958-gzwiy,7
7996-mhxlw,66
7833-pkihd,51
7061-ovmim,30
5153-rthkf,34
1852-qswcd,64
4832-vrbmr,65
9079-lwtfd,47
6356-elrkd,1
8624-giout,49
3392-ehmnk,67
5986-wwxdv,39
3061-bckyi,14
6179-gjpso,43
7901-tbkjx,56
7228-paqpd,14
3177-lasxd,1
7746-qyvco,16
5804-hyiez,70
9919-fzded,72
5934-tssau,23
3486-khmli,21
4897-qsuyc,1
1084-uqchv,1
8290-ywkhz,32
2955-bjzhg,17
3806-dxqom,4
6784-xyjae,36
3933-dqpwx,50
6661-eipzc,48
8957-thmoa,50
2251-pylpb,72
5555-rnpgt,10
1057-foglz,18
9300-rendd,1
0761-aetcs,1
8087-lgyhq,9
4137-btikl,2
2190-bcxec,40
6227-fbdxh,69
2153-mrefk,37
2911-wdxmv,18
7206-pqbbz,11
3106-ulwfw,8
0925-vydlg,3
4547-fzjwe,55
7422-wnbty,33
0842-iwycp,46
3521-htqtv,34
3744-zbhon,3
3373-diuun,30
8383-sghju,33
7607-qkktj,45
7707-pybbh,40
8984-hpemb,71
4349-gfqhk,1
4139-detxs,72
9779-dpnej,22
9805-filkb,46
5793-yoljn,55
0673-iguqo,1
4123-fcvcb,12
8819-imisp,31
7802-efkny,5
8311-ueuab,67
5858-eafcz,1
8035-buyvg,40
1163-onyey,41
9787-xvqiu,1
8945-muquf,51
5656-mjefc,42
6082-oqfba,23
8051-hjrlt,1
8974-ovacp,1
4010-ylmvt,56
1379-frveb,15
8612-gxidd,12
6288-chqjb,54
8160-howox,7
3023-gflbr,33
6648-inwps,16
4223-bkeor,21
4079-vtglk,30
1763-wqfuk,3
1391-ubdar,11
8894-jvdcv,62
2023-vqfdl,18
1345-gkdzz,6
2014-mkgmh,46
5628-fcgyg,21
2560-wbwxf,68
0248-ipdfw,1
7978-dkuqh,25
4335-upjsi,24
0524-iavzo,30
2737-yngyw,2
1784-ezdkj,51
9297-fvvdh,57
8007-yypwd,15
7101-hrblj,72
5159-yfpkq,2
6635-cpnun,28
4021-rqsny,29
5453-ybtwv,70
5039-lzrqt,13
2931-vuvjn,59
9061-tihda,13
8699-asufo,7
6418-piqsp,62
8220-ocufy,21
3995-wfcsm,2
1895-qtkdo,1
2038-oeqzh,4
1178-pzgab,19
7927-auxbz,30
2626-veewg,67
2878-rmwxy,72
1657-dymbm,53
7311-mqjch,5
7375-wmvmt,71
1136-xgequ,50
2530-fmfxo,56
6844-dzkrf,2
4695-wjzue,2
7619-odsgn,24
5970-ghjaw,46
8879-xuahx,71
3689-mozgr,29
4195-pngzs,69
5003-xzwwo,71
3988-rqixo,1
7622-fwgew,56
6922-ncedi,56
2514-ginmm,1
9891-nqdbd,28
6131-iunxn,19
8548-awofc,66
9798-dryds,17
8532-uefwh,52
6296-ddoor,19
7951-vrdvk,36
5931-fljjf,7
4815-yosuk,72
2659-vxmwz,67
0380-neavx,34
3207-oybwh,57
4285-gyrqc,7
7216-ewtrs,1
4365-msdyn,8
7036-tydec,69
5802-adbrc,50
8076-fezkj,10
5197-ypybz,12
8337-mssxb,14
4312-gvynh,70
8495-ljdfo,64
0839-jtcud,66
5494-wozrz,71
1302-uhbdd,20
2234-eofpt,72
8619-ijndk,71
8378-lkjaf,38
8182-bjdsi,28
2528-hfyzx,17
1153-gnolc,33
3298-qeica,23
0788-dxbfy,58
3597-yaszg,70
3496-lfszu,4
5242-uowhd,45
2482-czgbb,10
6479-szplm,36
8097-vbqtz,54
4500-hkann,23
9917-kwrbe,41
3420-zdbma,5
2212-lyask,27
1393-imkzg,1
8069-rhuxk,67
3398-gcpmu,72
2908-wgaxl,56
3378-ajrao,44
1013-qcwam,66
0866-qlsir,34
6050-ffxes,69
7181-bqybv,1
0362-raoqo,40
9554-dfkic,30
5527-achso,11
0829-ddvlk,15
1399-ubqiu,11
1813-jlkwr,64
0336-pikei,72
7322-ocwhc,72
9537-vhdta,1
4957-tialw,15
2054-pjock,60
9150-hepmb,56
9030-qgznl,8
6204-ieuxj,3
3126-wqmgh,49
4529-ckbcl,2
2506-clakw,6
7176-wrtnx,70
1583-ihqze,12
5732-ikgqh,52
9239-gzhze,72
7205-baiad,40
0151-ontov,1
4140-muhug,3
0093-exyql,40
8064-ravoh,1
0219-qaerp,30
0320-jdnqg,23
7180-pisog,1
9168-inpsz,44
3571-rfhar,65
0015-uocoj,7
5334-afqjb,72
2754-sdjrd,8
9578-vrmnm,16
1587-fklzb,66
6140-qnrqq,1
8963-jlgjt,3
4307-ktumw,53
1465-lntlj,8
5440-flbqg,69
2135-dqwaq,5
4056-qhxhz,72
7470-mcqtk,13
7488-mxjiv,4
7401-jixnm,54
9339-fiijl,72
2027-feczv,12
2672-dzuoy,1
4706-dgahw,1
3870-mqamg,54
6670-mfrpk,69
6177-pevra,48
4800-czmpc,48
4813-hqmgz,8
7579-kkloe,71
7377-dmmri,2
8402-eivqs,67
4947-dsmxk,34
7245-niiwq,3
0002-orfbo,9
3324-oirto,71
5414-ofqcb,57
4967-wpncf,72
8552-obvru,48
8499-brxtd,18
9154-qdgth,43
8197-bfwvu,72
2577-gvsil,35
9367-oiuxp,4
6770-uaygj,49
6463-hhxjr,71
7928-vjyab,11
1187-wilmm,63
9776-ojuzi,65
1306-rpwxz,49
8949-jtmay,29
2774-lvqus,15
3097-pywxl,4
2266-sjnat,72
0869-paprp,26
4238-jsswh,35
2972-ydyuw,57
1104-fejam,28
2809-ilcyt,25
5499-ecutn,47
4981-fltmf,57
9121-phqsr,16
3113-iwhlc,5
3211-iljtt,17
4612-thjbs,56
4277-bwbml,72
4094-nsedu,21
0234-tevtt,48
4304-tspvk,68
1552-aagrx,30
2637-fkfsy,3
9796-mvyxx,14
7874-ecpqj,4
0020-inwck,71
7089-rkvsz,8
2683-jxwqq,61
9548-zmvtx,72
8739-xnikg,5
9755-jhnmn,49
3981-qsvqi,8
2789-hqbou,3
9424-cmpog,9
5067-wjeun,67
3450-wxoat,46
9251-wnsod,67
6974-dafli,55
2616-uutfk,33
7064-jhxce,62
5103-mhmhy,1
7989-awgeh,49
4373-vvhql,1
4559-uwiht,14
7268-igmfd,18
1846-xwoqn,1
0235-kgslc,1
6650-bwfrt,72
9570-kyeua,64
6993-ygfjv,69
2712-syway,1
0730-bgqgf,71
5498-ibwpi,66
9101-ntixf,2
0013-smeoe,71
9314-qdmdw,11
9308-anmve,47
2884-gbpfb,35
3757-njybx,32
3413-dhlpb,60
7649-phjvr,11
6114-tcfid,29
3787-trial,21
2573-gyruu,48
5156-umkow,3
1247-qbvsh,43
6734-gmpvk,5
9822-oaovb,1
6161-erdgd,71
1226-jznkr,8
7318-eivko,8
3771-pzobw,20
5136-kckgi,33
8231-bswxx,71
6486-lhtma,31
4083-bfnyk,38
3722-wpxtk,1
7389-kbfit,2
7176-wionm,12
5141-zuvbh,9
1089-hdmkp,11
7623-hkyrk,6
0310-sucin,71
5197-pyepu,42
2929-ercfz,8
7548-sepyi,5
8835-vsdse,2
6619-rplqz,45
3275-rhrne,28
3503-tyday,43
6901-gogzg,60
1623-nldot,42
7021-xsnye,7
9621-oupyd,25
9898-kzqdz,40
8982-nhavy,27
4307-kwmxe,10
0141-yeays,27
2450-zkeed,11
3694-delso,4
3893-jrnfs,68
9603-oaihc,1
1133-kxcge,18
5236-perkl,57
0142-gvysn,26
1049-fysyg,17
7854-foksf,1
2519-fakod,38
8406-lnmhf,59
1821-bucwy,30
8263-jqaik,2
0023-uyupn,50
8314-dpqhl,9
1465-wczvt,3
9481-sfcqy,14
6360-svnwv,31
0567-ggcac,7
7089-ivvaz,8
8884-mrnsu,17
2171-udmfd,32
9050-ikdza,2
2205-ymzzj,7
9802-caqut,72
1254-izeyf,31
0187-wznab,27
9492-tokri,18
1475-vwvdo,7
9221-otivj,14
1357-mvdoz,11
7602-mvrmb,72
3325-fuycg,28
5908-qmgoe,15
1197-bvmvg,4
5406-kgrmx,71
8481-yyxwg,5
5968-hyjrz,47
5198-efnbm,57
7516-gmhuv,50
7140-adsmj,8
2230-xtuwl,48
7706-ylmqa,70
2585-ktfre,1
7994-uyivz,8
2609-iaicy,1
1740-csdjp,1
7717-bicxi,60
6559-rakoz,49
2636-ohfmn,4
4716-mrven,29
2143-ljult,67
1323-ooepc,53
3200-mnqtf,67
6164-hxugh,6
5630-ixdxv,47
0320-dwvtu,53
9135-mgvpy,69
1212-glhmd,3
7878-jgdkk,4
1088-auuzz,56
0397-gzbbc,59
6614-ywysc,61
9588-ozdmq,2
7641-euyet,46
6476-epyzr,12
9921-zvrhg,14
1174-fgifn,28
6620-hvduj,24
4701-mljpn,31
1032-maelw,68
7641-tqfhn,39
1552-tkmxs,42
9206-gvpeq,13
8622-zlfko,6
1596-bbvtg,35
6188-uxbbr,38
2333-kweww,18
5702-skuob,4
1134-ywtyf,27
6061-gwwav,41
0679-tdgak,50
6585-wcewr,72
9067-ygsca,70
9067-sqtns,44
8433-wxgna,2
1776-spbwv,34
8735-sdufn,72
9668-pugnu,71
9405-gpbbg,64
1926-quznn,72
3707-gnwhm,1
7016-nvric,29
5829-nvsqn,23
9565-axsmr,52
8922-liegh,25
8869-lihmk,64
8245-umpyt,16
5186-samnz,1
0447-rxsgd,24
4927-wwooz,2
5788-ypoeg,34
5373-sfodm,36
0661-kbkpa,53
9081-wwxkp,47
0784-zqjzx,72
3133-pznsr,72
5766-zjybb,1
8931-gjjiq,9
4277-pvran,8
0022-tcjci,45
0722-svsfk,7
3612-yvgsj,71
9825-ycxwz,41
5397-nskqg,67
8565-hbfnn,69
2000-dhjuy,70
0203-hhyij,25
8670-ercjh,72
7758-ujwys,34
2050-onydq,65
7055-jcgni,70
0739-uuajr,72
4826-dxmup,35
0952-kmeeh,13
7285-klotr,12
0654-pqkdw,62
7175-ntixe,25
7963-shndt,52
9796-bpkiw,8
0188-gwfle,2
8129-gmvgi,56
2882-ddzpg,12
3547-lqrik,47
9137-noqka,2
5843-tthgi,18
1849-rjyig,8
8868-gagio,45
4061-ukjwl,3
5380-xpjnz,38
8263-qmntj,72
8178-eyzuo,46
3230-jcnzs,71
0277-orxqs,66
5130-iekqt,25
3230-wykir,18
7996-bpxhy,13
3227-wlkli,65
0407-bdjkb,60
2266-fubdz,15
8237-ulixl,72
9600-udopk,30
8216-azuuz,42
9153-btbvv,71
4074-sjffa,1
3269-atywd,39
5186-peizu,35
1074-amioh,53
4910-gmjot,1
0354-wyrok,31
4361-febgn,48
7748-umtrk,30
0380-zcsbi,10
7145-fejwu,12
6463-mvyry,57
3969-jqabi,58
9624-egdeq,37
1051-eqpzr,44
5849-ashzj,27
5780-inqik,8
7576-oywbn,3
4526-zjjtm,25
8384-fzbjk,57
3750-rnqkr,12
0962-cqpwq,62
3096-yxenj,65
1265-bcfeo,71
5837-lxsdn,21
5945-azyht,71
8325-qrpzr,7
6384-vmjhp,72
2262-slnvk,1
7730-cldsv,72
1135-hiori,64
0164-apgrb,72
6481-escnl,29
1790-nesio,13
1550-eenbn,31
5539-tmzlf,1
4323-sadqs,7
4446-bzkhu,61
5202-ivjnu,39
5976-jcjrh,10
8198-rkszg,14
0137-ocgab,1
3351-nqldi,67
9297-eoncv,72
7593-jnwru,6
4588-ybnib,1
1069-qjoee,25
3336-jorso,33
7799-dsews,18
8766-pafne,71
5315-ckeqk,28
3130-icdup,2
0820-fnrnx,17
0880-fvfwf,56
4611-anlqc,60
4213-hkbjo,33
2792-lshwx,1
5028-gzldo,2
0014-bmaqu,63
6861-xwtwq,7
9018-pciok,55
4837-qusft,65
6877-tjmbr,1
9953-zmksm,63
0907-hqnts,70
7665-nklav,36
6769-dcqli,52
2433-kmeas,22
4391-lnrxk,22
8250-znggw,5
2195-zrvax,47
3550-sahfp,33
2011-trqye,18
8562-ghppi,1
5893-pyolz,56
4986-mxsfp,2
6131-foyas,35
3027-ynwzu,64
5609-imcgg,15
4873-ilolj,24
4727-mcyzg,1
9481-whgwy,70
2725-kxxwt,1
9565-djpib,4
4328-vufwd,39
3301-lslwq,29
7473-zbdsn,14
3166-pneof,61
5639-ntupk,13
8780-yrmtt,66
8348-hfyiv,2
5140-fomcq,59
6242-sgyts,62
8166-orchu,33
8414-ooeel,66
8454-aatjp,72
6849-wleyg,1
4659-nzruf,19
4531-auznk,51
4191-xovom,63
2150-oegbv,27
8429-xibum,22
1855-cfulu,4
4878-bunfv,42
1872-ebwsc,29
2608-bhkfn,4
7026-ymsbe,30
7341-lxcaf,4
6997-uvgox,71
9674-ehppg,46
9462-mjuaw,4
8128-yvjrg,7
5440-vhlul,69
5781-bkhop,72
4283-futgf,19
5213-twwju,28
1569-ttnyj,5
8628-mfkax,72
2397-brlom,8
7629-wixzf,7
5445-glvot,22
3976-hxhce,72
2466-nejoj,8
0254-kcjgt,52
5472-cvmdx,68
6461-szmcv,71
8150-qudfx,2
9508-ilzdg,34
2346-djqtb,35
1697-lyyyx,61
1942-oqfrw,1
4749-vfkvb,1
9640-zsldc,53
4231-lzuym,72
7598-uaasy,2
7938-ouhio,3
8510-awcxc,13
6128-aqbmt,41
3594-bdsoa,24
0431-apwvy,28
5133-vrsab,8
5996-daoql,1
6838-yauvy,54
0484-jpbru,41
7883-rojoc,19
0244-lgnfy,72
7274-cgtod,62
4295-yuret,56
3426-niyyl,15
8225-btjau,10
4635-ejypd,32
1866-zsljm,21
4636-tvxvg,62
4236-ujpwo,2
9392-xbgtd,27
3387-vatus,5
6402-ssejg,25
1143-nmnqj,2
1169-saocl,49
1110-kylgq,63
9929-plvpa,4
3518-pzxzq,1
2371-jungc,11
7693-qpefs,52
0924-bjcrc,60
5074-fbghb,64
2351-bkrzw,43
4455-bfspd,61
0415-mosgf,1
1724-bquha,5
3948-kxduf,66
2323-arsvr,67
0815-mfzgm,42
4826-xtsoh,1
5480-xtffl,31
8295-fhivv,7
2495-inzwq,4
9086-yjyxs,34
1179-inlat,3
7909-fioiy,19
4139-sugld,31
6857-vwjdt,1
6351-scjkt,3
5468-bpmmo,46
5624-bqssa,1
0197-pnknk,69
2439-qkjul,5
1194-spvsp,1
9534-nsxem,26
2408-witxk,10
8929-kswih,25
2250-ivbwa,64
1810-mvmai,30
9506-uxusk,13
1229-rcalf,64
3572-uolyz,46
1429-uyjsv,12
5577-otwww,15
6100-qqheb,17
6366-xivkz,13
3470-obuet,67
2770-nsvdg,24
9375-mhrrs,6
2634-hczgt,53
7503-qqrvf,16
4860-yzgzm,10
6599-gzwcm,13
2691-nzetq,9
4404-hibdj,25
5533-nhfrf,7
7037-mtyvw,38
4760-thgot,43
7295-jommd,4
4016-bjktz,25
6584-vqmyt,27
9838-bfcqt,72
2790-xuymv,71
0581-mdmpw,24
5013-sbuih,50
1023-bqxze,57
9163-ghaye,15
3904-ukfre,4
5353-wilci,28
0709-tvgur,9
0058-evzwm,55
6023-yebup,3
7209-jcuds,10
7009-pcars,55
0519-drgti,20
1017-fbqmm,62
3001-cbhlq,32
1985-mbryp,43
6158-dwpzt,9
9372-txxps,60
3259-qmxun,58
1015-jpfyw,7
6645-mxqjt,2
4360-qrave,37
8433-wpjtv,65
5804-jmyio,39
3763-gczhz,66
6484-latfu,68
7599-ntmdp,62
0772-gyeqq,3
0536-acxip,72
0936-nqlju,41
4831-eobfe,29
1575-krzze,4
3251-ymvwz,53
4102-oqupx,1
9170-gyzjc,41
4884-levmq,39
8857-cupfq,63
7610-tvopg,15
3638-dimph,13
1845-zllig,1
8559-wnqzs,1
3999-qgrjh,8
1699-uotxu,60
2454-rpbrz,12
0635-wkold,40
5993-jsuwv,66
4518-fzbsx,42
5387-asznz,66
6988-cjeyv,49
2002-mzhwp,1
3097-fqtvj,41
5465-bubfa,41
7299-gnvpl,23
9743-dqkqw,3
1215-vfyvk,4
9371-bithb,52
2265-cywiv,4
9093-fpdlg,11
0541-fitgh,2
6985-haywx,26
7508-kbimb,24
6838-hvlxg,12
2277-djjdl,60
1897-okvmw,64
5485-itnpc,66
0233-fthav,60
4644-pizrt,17
8922-npkbj,42
2740-tvlfn,1
7771-cfqrq,47
9512-phsmg,10
6963-ezqee,70
2452-kdrrh,67
2004-ocqxk,1
5027-qpkte,7
4146-svfud,1
1564-hjuvy,4
3617-xlsgq,66
7517-ldmps,12
7244-kxyzn,24
5226-nozfc,26
2672-huyvi,6
1400-wivll,57
7508-mybog,14
8148-nlegt,42
0148-dcdos,25
8347-gdtmp,64
9992-rramn,22
6746-wauwt,19
0310-mvlet,61
0428-ikycp,22
4550-vbofe,70
2187-pkzay,12
4003-octmp,31
6652-yffjo,11
7225-iilwy,68
5248-rpyww,72
7923-iyjwy,67
3170-gwykc,60
5696-qurrl,1
7409-kiutl,1
9830-eclen,58
1732-vhubq,47
0495-rvcbf,1
2668-tzsps,1
7854-edssa,22
8869-torss,48
7446-sfaoa,37
9522-zsinc,13
8234-gszyk,43
6505-oznpg,6
6164-haqtx,71
0679-idstg,1
7765-lwvvh,72
1658-tjvoa,6
0953-lgovu,12
2115-bftiw,25
4692-nnqru,21
7742-mypgi,6
0611-dfxko,20
7780-otdso,18
9619-gsatl,43
5622-uejfi,35
9747-ddzos,1
0674-dgmaq,32
6203-hbzpa,52
0484-ffvbj,32
0301-fidrb,72
4139-jpiam,51
2181-tidsv,68
2761-xecqw,8
1936-czakf,49
9453-patos,72
0564-jjhgs,9
3348-cfrnx,28
4402-ftbxc,54
1428-gtbjj,11
2931-xiqbr,50
0106-ugrdo,69
5542-tbbwb,1
1930-qpbvz,68
2606-pkwjb,40
5322-zsmzy,31
8059-udzfy,33
7740-btpux,55
5220-agaax,68
0208-bpqej,12
9435-jmlsx,71
3352-almck,40
5312-ircfr,64
5294-imhht,53
8802-unojf,12
6313-gidit,53
6176-yjwas,72
5310-noova,46
4526-exkkn,40
5311-ihlei,12
3987-kqddu,9
3404-jnxax,51
5131-ponji,49
2845-afftx,41
3489-vsfrd,56
3345-jhueo,4
5815-hgghv,20
5260-umpwx,26
2249-yprng,20
7410-ytjik,7
4626-gyczp,7
5649-rxqtv,51
2674-miaht,4
2576-hxmpa,1
7587-aovvu,27
5590-bynii,22
6898-mdlzw,12
3237-ajgeh,3
4707-ynoqa,34
9357-ujrun,24
1591-nfnlq,51
8648-pfrmp,14
7663-cuxzb,59
0258-nokbl,3
1163-vipri,65
2815-cptul,5
9348-rouai,59
9443-jubuo,72
0596-bqceq,62
1481-zuwza,28
3043-tybno,3
4830-faxfm,19
5906-bfozt,1
2960-nkrso,24
8996-zroxe,57
5598-ikhqq,72
0397-zxwqf,67
5266-pfrqk,52
4674-hgnua,71
6765-mbqnu,26
9786-ijydl,35
1303-srdok,55
3769-mhznv,33
6295-osinb,72
3308-mhooc,1
2309-osfeu,10
2207-qpjed,37
4177-jpdfu,12
2239-cfouj,1
8046-dnvtl,62
2209-xadxf,1
6620-jdynw,18
1891-fzysa,69
4770-uezox,2
1038-rqost,19
7613-llqfo,12
4568-ttzrt,9
9513-dxhda,27
2640-pmgfl,27
3801-hmynl,1
0516-qreyc,24
9685-wkzgt,14
6022-uggso,32
8084-oivbs,11
8896-bqtti,1
3865-qbwsj,38
3352-ricwq,9
2160-gpfxd,54
2065-mmkgr,29
5857-tybcj,44
1498-nhtlt,59
4484-cgxfk,3
1402-pthgn,18
4176-reljr,67
6214-edakz,22
5199-fpusp,33
6377-kslxc,5
1796-janow,2
0238-whbiq,72
8735-nblwt,9
6651-rlggm,67
6127-isgtu,16
1614-jbebi,8
8740-xlhdr,5
1208-dnhln,23
1761-aezzr,1
3923-csihk,50
5696-excys,17
5795-ktgud,68
7120-rfmvs,1
7924-gjzfi,25
4702-hdrkd,67
8512-wiwyv,32
5897-zyekh,67
5456-itgic,72
7317-ggvpb,71
1406-puqvy,1
1322-agoqm,46
3677-iyrbf,2
5692-fptah,1
9114-aafqh,48
8715-kktfg,61
1550-loaha,32
1728-bqdma,2
0268-qkiwo,3
0876-wduuz,5
5117-zsmhq,71
5151-hqrdg,37
0960-huwbm,65
6465-gsrcl,67
0617-fhsgk,49
0263-fjtqo,50
7319-znrtr,25
2858-mofsq,17
7503-epszw,64
7089-xxayg,25
8118-lsuel,23
8070-aawzp,24
1666-jxlku,37
7855-diwpo,21
5133-powua,1
5652-msdey,10
7005-ccbkv,6
1810-bohsy,51
1784-bxefa,10
7351-mhqvu,6
9224-vtyid,47
9500-iwpxq,61
5762-tjxgk,52
4504-youla,35
5569-idsey,71
4250-fdvou,6
7284-zzloh,45
5277-zloor,2
2141-rrygo,4
1777-jyqpj,2
6376-gahqe,4
3401-urhda,51
1599-eahxy,60
8631-xvrzl,9
5052-pnlos,3
3853-lygam,17
6979-znsff,8
5751-usdbl,46
5680-lqogp,68
2386-lahrk,1
8189-dukmv,4
6032-igaln,1
9931-dcezh,28
1898-jsndc,39
0315-lvcrk,11
3911-rsnhi,71
2410-ciyfz,2
4248-hcetz,30
5505-ovwqw,17
7271-ajdtl,55
1867-tjhts,58
0516-wjvxc,5
9174-fkwze,1
6860-yrjzp,9
4429-wygfr,26
2817-lvcpp,50
5038-etmlm,72
5056-fimpt,43
4521-wfjai,56
6569-ktmdu,1
8809-rihdd,72
8809-xkhmd,72
0396-ychwo,36
0867-ldttc,5
4822-ngoch,13
9391-dxggg,44
9844-felaj,70
2122-szzzd,44
5307-dzcvc,32
3148-aoiqt,69
8679-joevf,16
8395-etzkq,68
6692-yqhxc,16
3889-vwbid,68
5222-jcxzt,4
9754-clvzw,26
1432-fpaxx,29
2739-cczmb,5
7080-tnuwp,70
0496-ahook,24
8336-tavkx,72
2468-sjflm,1
3181-vthoe,70
7168-hdqhg,36
4803-axvyp,38
3884-hcswg,17
4567-akpia,41
5077-dxtcg,1
1142-waczw,2
7901-hxjva,14
5649-anrml,2
4892-vlanz,1
5924-ifqtt,13
7968-quxns,6
2919-hbcjo,4
4236-xpxav,5
8903-wmrnw,15
2452-snhfz,47
3629-weaam,8
6029-csmje,17
7993-nqlje,15
9909-dfrja,26
9099-ftuhs,23
0581-bxbub,4
4962-chqpw,29
9467-roolm,25
3030-yzadt,9
7410-ktvfv,18
5150-itwwb,3
2253-kpmnb,69
1345-zukid,14
6429-shbcb,19
9281-ofdmf,39
2603-hvkcg,31
1834-wuleg,24
9097-zubyc,14
5148-orict,64
4893-gyuju,50
4578-phjyz,52
7272-qdcka,28
8908-slfcj,21
8393-dlhga,25
9766-hgede,17
6968-mhomu,58
7395-igjos,17
5044-xdpyx,51
1814-wfgvs,72
2834-spcjv,52
3721-wkiil,27
6734-ckrsm,3
1265-zfosd,64
6568-pocui,45
7890-vyywg,3
5197-lqxxh,71
9907-swkkf,1
3457-pqbyh,58
7682-azndk,34
0587-dmgbh,8
5384-zttwp,15
3745-hrphi,66
7636-owbpg,12
1231-yndek,58
1407-digzv,3
6397-jnzzg,43
0570-bfqht,9
4393-obcrr,3
3523-qrqll,22
8564-ldkfl,40
3696-dfhhb,68
0895-dqhew,54
4717-ghadl,50
5501-tvmgm,1
5879-hmffh,72
6772-wfqrd,40
3810-dvdqq,72
6972-snkkw,6
3694-gltjm,5
8550-xsxuq,48
8149-rsoun,1
9055-mojjj,64
4359-innwn,17
0585-egdda,40
4032-rmhci,41
0549-cycqn,51
3481-jhuzh,41
7250-eqkiy,1
3594-ivhjz,2
6869-fgjjc,68
3896-zvnet,24
8205-vslrb,70
5960-mvtuk,3
6817-wtyhe,2
3082-vqxnh,3
4013-ubxwq,7
4931-trzwn,13
0750-ekngl,7
7669-lcrsd,12
3567-pqtso,53
5519-nphvg,12
8043-pnysd,63
9938-ekrgf,15
2703-amtul,36
0928-jmxnp,4
8173-rxayp,24
4825-xjgdm,61
5402-htotq,16
6734-jdttv,65
7850-thjmu,26
3890-rtcms,16
8849-gyokr,54
3148-blqjt,1
3717-fdjfu,5
3665-jatsn,19
7966-yotqw,10
0461-cvkmu,23
8806-eagwc,3
8853-tzdgh,72
7779-lgovn,10
4324-bzckl,10
6924-tdgmt,11
9710-zushq,37
1536-yhdoe,17
8123-qbnaz,36
3629-znkxa,17
4827-ltqrj,66
7711-yijwc,61
5482-vxsxj,22
7365-bvcjh,1
9620-enejv,6
4183-wcsep,31
2378-yizka,68
5498-txhlf,34
0689-dsxgl,52
6818-djxaa,10
9722-ujojr,29
0464-wjtko,72
8902-zeovf,47
6778-eicrf,24
2662-nntdk,65
4132-kalro,4
3902-foigh,12
6772-ksatr,1
7112-opotk,33
2874-yxvva,34
1245-harps,14
4210-qfjmf,4
4323-elyyb,13
4293-etkap,65
6064-pupmc,23
6504-vblfl,55
6322-pjjdj,49
0330-bgyze,60
1085-ldwam,69
7586-zatgz,40
7197-vojmm,67
3318-osats,35
5828-avipd,19
1843-tlsgd,13
9626-vfrgg,41
7075-bndvq,4
9143-canjf,24
7284-buyec,5
2041-jijci,5
1086-lxkfy,1
4900-msomt,72
2229-vwqjh,24
9194-gfvoi,42
1336-ezfzy,4
4282-msacw,68
1403-lklik,33
2636-alxxz,1
7774-ojsxi,31
7786-wbjyi,4
0136-ifmyd,69
5144-tvglp,38
9643-avvwi,3
0253-zteob,48
2706-qzihy,15
6061-pqhmk,25
9885-csmwe,1
6137-mfajn,48
9122-umrob,1
4232-jgkiy,1
2402-tairz,37
9659-ztwsm,66
9139-twbas,26
6685-gbwjz,63
5016-ettff,10
3866-mdtub,2
2195-vvrjf,18
3913-rdsjz,64
8058-jmeqo,9
4203-qgnza,28
5043-trzwm,1
0697-zmsws,4
7657-dyepj,38
9494-bdnnc,66
1640-plfmp,1
5366-obvmr,18
8276-mqbyc,51
7644-omvmy,0
7593-xfkdi,1
4573-jknae,12
0337-cnpze,41
9817-aplhw,12
8380-mqinp,55
0840-dfezh,7
1513-xnpph,12
8690-zvlcl,68
6015-vvhhe,5
1125-snvck,49
0384-lpite,40
4616-ewbnj,16
6347-dcuik,10
1335-hqmkx,72
2545-ebupk,2
6923-aqonu,23
2172-ejxvf,71
0897-fegmu,11
7663-rgwbc,1
1120-bmwub,16
9124-lhcjq,1
4536-pleqy,12
7029-ijejk,54
8871-jlmhm,68
2235-zgkpt,4
3891-puqod,1
5447-vytkw,27
3623-fqbox,21
0689-nkylf,13
8659-hdiye,64
3658-kibgf,1
3474-bafsj,57
5519-yldgw,21
3865-zfzib,19
1855-agawh,31
7109-cqyuz,52
1370-ggawx,46
4680-kutaj,11
5307-uvgnb,53
4946-edsew,11
2883-ilgwo,57
2516-vqrrv,2
7580-ugxnc,2
3642-byhdo,71
9629-nhxfw,1
2696-rzvzw,68
5766-ftrts,72
0396-hujbp,2
5178-lmxop,1
8879-zkjof,41
6285-ftqbf,72
8185-upybr,6
4585-hetai,4
7526-bezqb,12
1474-juwsm,58
3530-crzsb,7
8498-xxgwa,65
9617-ingjy,1
0621-tssmu,56
7234-kmnrq,4
7636-pepns,58
4683-wydou,62
9052-dhnkm,26
6794-hkiaj,62
5578-nkcxi,58
1642-hmarx,68
3096-wpxbt,61
8434-pnqzx,42
5950-aaagj,18
4299-opxej,56
4951-ukaaq,4
9618-lfjru,4
6693-djwty,35
0744-gknge,64
6447-egdiv,31
1167-oyzjf,67
2108-ykqty,4
4806-dxqce,70
4918-qlliw,3
7056-imhcc,53
4854-ssltn,2
5294-dmsfh,29
4837-pztic,47
1625-jaiiy,68
0603-olqdc,12
3272-vuhpv,8
4176-fxybo,54
1063-dhqjf,69
8663-updgf,26
6719-fgedo,72
1837-yquce,70
2947-domlj,1
4112-lueiz,10
0369-zgovk,28
4510-himlv,1
9919-knpoo,21
8749-jmnkx,51
7872-baazr,53
9391-lmann,53
2430-usgxp,24
8174-tbvcf,70
1698-xfzci,61
1877-hkbqx,11
4450-dllmh,2
0428-axxlj,25
2746-dijlo,41
5955-erihd,18
0917-ezola,72
3508-vlhcz,71
4086-atnfv,34
0468-yrpxn,29
5996-nrvxr,40
3739-ybwab,36
7047-fweya,46
2000-mpkca,58
9762-yaqaa,39
5949-ebsqk,4
5473-khbps,52
0100-duvfc,70
5397-tupsh,65
8950-mtznv,1
0326-vdyxe,70
6773-lqtvt,29
7274-rtapz,1
0436-twffz,67
8566-yprgl,1
0311-unpff,26
6609-mxjhj,30
2669-oidsd,48
8400-wzicq,55
3834-xuifc,7
9576-syuhj,37
0410-ipfty,31
2831-ebwrn,4
9430-nkqly,72
8414-myshr,5
0247-sluji,1
9402-orrah,15
6483-oatdn,8
1293-hhshj,35
4840-orqxb,56
7599-fkvxz,42
3982-dqlus,65
8610-zikjj,2
3756-vnwdh,65
7801-kicao,18
7673-lprny,23
8229-tniqa,4
6060-qbmgv,70
7339-pogzn,4
2828-slqpf,19
4465-vdkiq,18
2921-xwdjh,38
6221-avqyl,2
2558-buozz,47
9257-azmtz,52
0003-mknfe,9
0975-uydtx,26
7743-exurx,8
4682-blbuc,44
0975-voovl,3
5968-vxzlg,2
5569-kgjhx,9
4988-iqigl,1
5201-frkks,25
9799-cayjj,2
7730-iutdz,43
0426-tirne,1
5443-scmkx,58
8295-kmene,59
6738-iscbm,44
9821-besnz,66
3678-mngzx,68
1335-ntiuc,9
2916-bqzln,19
4558-cgycz,4
2368-gakkq,70
8710-yglwg,1
3199-xgzcy,8
3785-ktysh,53
6814-zpwfq,51
4063-eiknq,11
6993-ycobk,60
5206-hpjkm,17
7587-rznme,3
0748-rdggm,70
8393-jmvmb,1
5019-gqvcr,43
6036-ttfyu,16
2550-aevru,57
0969-rgkcu,37
0378-cjkpv,72
4706-axvkm,11
5889-jtmul,50
9026-rnujs,5
3746-eubyr,1
2332-efbjy,16
2880-fpnae,2
1703-mgiab,17
4311-qttai,16
9474-phlyd,15
4318-rajvy,10
2165-voegb,46
3612-yungg,64
2254-dlxri,1
5062-cjjkh,25
9028-lihrp,71
2219-mvuso,8
1053-mxttk,72
1530-ztdoz,49
1301-lopvr,29
0853-twrvk,72
8914-rbtsb,31
6212-atmlk,50
8200-lgksr,71
1568-bekzm,70
0670-anmuu,71
6897-rwmub,61
0963-zbdrn,32
7594-rqhxr,1
6999-chvcf,68
6134-kwtbv,62
1077-huujm,7
6331-ewieb,20
0895-lnkrc,6
2045-bmbtj,33
8417-gsoda,28
5171-eplkn,27
4452-qiieb,7
5998-vvejy,26
1624-naloj,5
6741-egcbi,30
7820-zygny,63
4317-vteoa,1
9677-avked,53
1670-svowz,14
2227-jrsjx,21
9847-hnvgp,17
6696-ydayz,16
8980-wqfwl,35
1730-zmame,32
6506-eycnh,28
4634-jlrjt,1
9501-ukknl,59
2560-qtsbs,72
7541-ylxcl,36
4795-wrnvt,40
6080-tcmyc,40
0260-zdlgk,9
7860-uxcrm,63
6357-jjpqt,3
2292-xqwsv,40
9552-tguzv,8
5913-inrqv,34
8722-ngnbh,5
6210-kbbpi,9
9643-yblur,9
8734-fnwvh,31
9447-yptbx,50
0133-bmfzo,2
6128-czomy,1
9540-jyroe,8
9026-lhevg,9
2260-ustrb,2
3656-tkrvz,3
7011-cveuc,25
6185-tasnn,1
7925-pnrgi,45
8623-tmrby,51
1552-czcll,55
3038-pqiuy,38
1501-sghbw,2
9313-cdogy,38
8148-bplzq,34
2623-dryam,70
9987-lutyd,13
3208-ypioe,39
4488-kqfdt,61
2612-ranwt,12
5693-pipcs,41
0491-kapqg,21
1925-lfczz,55
8039-eqpim,69
6900-pxrms,26
8707-rmezh,69
3346-brmis,18
3209-zpkfi,47
6479-vdgrk,72
9373-wsloy,33
2933-filnv,2
3569-jfodw,72
9819-fbnsv,37
9544-pypsj,62
1591-xwlgb,71
0396-ukgai,23
3243-zhohy,16
5186-ejegl,9
7527-qnrus,17
9986-bonce,4
2722-jmoni,1
2203-ghnwn,24
3878-avsoq,1
3258-sysws,72
5296-psyvw,72
6319-qsusr,11
4083-eugrj,9
7579-oopec,2
0512-flfdw,60
1771-oadnz,29
0487-crlzf,49
2107-fbptk,30
9451-wlyri,53
8219-vybvi,39
1991-vopll,9
9738-qlwtp,39
1016-djtsv,8
9419-ippbe,51
0174-qrvvy,71
5699-bncas,71
2900-phpln,70
0612-rtzza,1
8106-gwqok,38
8751-edeka,28
6878-ggdwg,32
4039-pimhx,49
8450-luguk,37
3604-wlabm,10
0795-gmvqo,67
2259-ouusz,7
1142-ihloo,51
6410-lefen,9
4633-mkhyu,9
6257-rjohi,4
1545-jfuml,71
3194-orpik,50
7826-vvkwt,24
1353-ghzos,22
2587-ekxts,44
5442-bxvnd,33
8816-vxnzd,1
9378-fxtiz,54
1723-hkxjq,42
7825-gkxmw,1
9753-oylbx,1
2364-ufrom,30
6656-jwrqx,1
6473-uluht,16
1240-knsez,1
0836-seylu,9
4433-jcgcg,46
3716-bdvdb,1
7688-awmdx,71
2842-bcqge,43
7244-qwyhg,50
5899-mqzzl,13
6849-oyamu,19
5312-uxesg,41
9488-hgmjh,1
6038-gcyec,24
2150-wlkuw,40
7159-fvypk,3
7032-lmbhi,37
1150-wfarn,67
6088-bxmrg,32
3144-audbs,6
4821-sjhjv,32
7346-medwm,59
1137-dgowi,30
5616-prtnt,20
3812-lrzir,27
4818-qiufn,20
9483-gcpwe,9
4227-ojhal,68
9220-cxrsc,69
4993-jcrgj,26
9537-jalfh,69
6698-oxetb,11
2103-zrxfn,1
3724-bscvh,10
4877-tsoff,55
9209-nwpgu,44
6961-vcpmc,46
7306-ydsoi,69
5288-ahoup,11
6688-uzpwd,11
0655-ydgfj,29
8468-ehyja,57
6823-sidfq,28
1097-fspvw,42
2839-rfsqe,2
8328-skjno,23
7010-zmvbf,18
5201-cbwyg,62
0968-gsikn,1
1965-ddbwu,16
9057-sihch,3
6352-giggq,67
3635-qqrqd,62
6771-xwbdm,57
2897-dovnd,2
3082-yvekw,23
0191-equuh,25
7134-hbpbs,72
3489-hhpfy,2
2926-jejjc,8
8601-qacrs,5
4950-bdeux,35
5789-ldfxo,24
0508-oolto,2
2984-tbyku,72
9822-wmwvg,41
2391-soori,4
9040-kzvwo,26
2645-qtlmb,7
4806-hipdw,1
1548-aragg,4
6339-rzcbj,48
4424-tkopw,2
4415-wngvr,12
2522-ahjxr,60
0412-uccnp,55
1816-flzdk,1
7096-uclnh,1
8443-zrdbz,4
9136-alybr,1
4615-pivvu,42
8885-qsqbx,1
7479-nitws,7
8617-enbds,3
9385-nxkda,72
0430-ihcdj,15
2959-mjhic,4
6674-kvjhg,11
1814-dkolc,5
4201-jmngr,1
9351-hxdmr,72
3537-hpkqt,55
2129-alkbs,40
5821-mmeil,57
5960-wpxqm,1
0684-aosih,1
8260-ngfny,1
1309-xgfsn,52
1866-rzzqs,41
6968-urwqu,43
4742-txuex,47
9631-xeyke,3
8631-nbhfz,66
1335-mxcse,55
8873-tmkgr,29
8800-joocf,12
1469-lbjqj,66
4958-xcbdq,35
8337-upoaq,10
0064-yijgf,27
2386-owury,58
1725-iqniy,54
0310-vqxam,9
6598-rffvi,2
3453-rthjq,6
6712-oawrh,26
6278-fepbz,9
4280-dlshd,8
1508-dfxcu,12
8614-vgmmv,15
7868-bgsza,43
2800-qquso,42
2930-uotmb,31
7973-dzrkh,66
5914-dvbwj,18
7698-yfgez,1
2533-qvmsk,61
9773-peqbz,10
8644-xlfbw,1
0650-bwozn,18
8625-azyzy,24
7785-rdvig,3
9602-wcxpi,50
2903-yytbw,1
3620-mwjne,2
8573-jgczw,17
6837-haevo,69
6701-yvnqg,72
9306-cpcbc,3
4304-xumgi,50
9504-yazwb,53
8819-zbyna,58
6174-nrbtz,46
9481-iebzy,72
1833-vgrum,1
6137-nicco,6
9065-zcpqx,72
6402-ejmwf,4
3620-ehimz,52
3213-vvolg,0
6870-ecshe,2
8747-udcoi,65
8374-xgejj,43
2656-tabeh,4
6946-lmsqs,25
4626-ozdtj,51
9169-bsvin,12
2325-zusfd,57
8194-peeby,24
6872-hxfnf,64
3932-cmdtd,4
7714-yxsmb,26
8387-ugusu,15
1080-bwsye,64
4039-heunw,36
1194-hvaif,27
0812-wuptb,1
3594-uvona,35
0004-tlhlj,4
1767-tgtko,8
8439-ltugf,10
8805-jnraz,2
5089-ifsdp,58
6418-hnfed,51
0206-oyvoc,46
7291-cdtmj,1
7128-ggcno,46
0237-yfutl,50
7691-kgkgp,53
6710-hsjrd,61
3675-eqoza,5
0840-dcnze,47
1732-fekld,54
9862-kjtyk,19
0479-hmswa,26
5854-ksrbj,70
0365-bzuwy,17
4817-vyyws,30
5701-svcwr,1
3129-aaqou,19
4922-cvpdx,26
1396-qwfbj,21
1357-bijki,50
1099-btkwt,68
5299-sjczt,3
2018-pzkmu,9
7340-kefqe,51
4570-qhxhl,9
2403-bcasl,41
7392-yypyj,22
2898-lsjgd,21
2223-gdshl,71
7359-ptsxy,1
9470-rtwdv,26
2176-osjuv,71
9348-yvomk,4
8104-oskwt,12
4521-yeehe,18
4090-kpjip,3
3786-wovkf,72
4503-bdxbd,11
6086-esgrl,1
2592-hodov,13
3886-certz,72
7995-zhhnz,42
3824-rhkvr,17
5816-scgfc,7
5989-axpuc,68
4979-hprfl,56
8590-ohdiw,38
8015-ihcgw,72
2332-todqs,48
9278-vzkcd,52
8008-otezx,35
2773-ovbpk,67
5999-lcxao,1
5206-xzzqi,53
4803-lbypn,34
5759-rcvcb,3
6372-rfvns,1
2139-fqhlm,19
8261-gwdbq,60
1093-yswca,11
8938-umkpi,47
0991-brrfb,18
3882-iyoij,60
8749-tzyec,72
1755-fzqec,39
3115-jpjdd,59
5600-ktxfm,2
3871-ikpyh,1
6319-iejwj,20
9025-aomki,6
6339-tbelp,71
7964-yesjc,24
6173-golsu,67
5275-sqeiz,1
7716-ytyhg,48
9938-zrehm,37
7950-xwovn,11
4390-kyulv,3
4647-muzon,18
9702-aiujo,50
8849-priqj,67
8851-ragov,25
1304-necvq,2
5396-izepb,9
1729-vlazj,10
8285-abvlb,70
0701-tjsef,9
5712-vboxd,4
6629-ladhq,2
8945-grkhx,1
1559-dtodc,19
4797-miwum,7
6959-uwkhf,1
8720-rqsbj,1
4537-cibhb,9
3815-slmef,3
5154-vekbl,9
4324-ahjks,5
4355-cvpvs,56
4495-lhssk,18
5655-jsmzm,49
5915-anoei,70
9861-pdszp,72
4505-exzhb,6
7225-cbzpl,17
6704-utukk,29
4587-vvtox,6
2019-hdczy,63
4652-nnhny,16
8788-doxsu,59
7404-jlkqg,3
7421-zlupa,8
8972-hjwnv,7
3274-nsdwe,68
2632-ivxvf,68
3692-jhonh,52
8915-nntrc,72
5914-gxmda,32
7463-ifmqu,72
2920-rncez,1
2541-ygpke,42
8515-octjs,25
5382-temlv,45
3441-cgzjh,43
9592-erdkv,37
2860-ranus,20
5261-qshqm,4
4778-izarl,63
0432-cajzv,3
7008-lzvoz,66
8868-wozgu,28
1200-tuzhr,8
9365-cslbq,71
1334-fjsvr,1
5884-fbctl,72
7130-ctcus,16
6242-fegfd,66
7625-xcqrh,11
6194-hbgqn,51
7634-wswdb,8
6986-ixndm,14
1731-tviuk,4
2987-bjxik,70
9769-tsbze,70
0406-bpdvr,54
0618-xwmss,28
1395-wswxr,24
6023-gssxw,69
6752-apnjl,42
5276-kqwhg,2
0420-hlgxf,39
7446-kqiso,45
9823-ealyc,72
0582-avcln,38
5803-nqjzo,72
2565-jslry,1
2607-dhdak,72
1073-xxczd,55
0743-hrvff,51
4006-hkyho,63
3727-jeztu,1
8143-etqti,23
6689-kxgbo,1
9667-tktvz,2
3657-cogmw,52
8570-kljyj,36
7754-ixrmc,1
9473-cbzop,28
2969-wghqo,7
6615-nggzj,14
4334-howrp,72
4255-dduou,1
5863-ookcl,10
1686-stuhn,42
1329-vhwnp,7
2984-miizl,4
0266-gmeao,72
5590-yrfjt,20
5574-nxziu,63
0019-gfntw,56
4256-zwtzi,5
8309-ppced,72
4098-naukp,68
5196-wpyow,67
4608-lcimn,8
1485-ydhmm,52
4054-cumia,18
0603-tpmib,59
2525-gvkqu,60
8161-qymtt,7
9581-gvbxt,59
5862-brixz,46
5404-ggukr,5
3308-jsgml,59
2126-gsegl,70
3677-tnkio,14
0440-qexbz,44
2434-eevdb,64
6762-qvyjo,58
6199-iwkgc,46
2675-dhutr,58
8152-vetur,72
9667-eqrxu,30
7446-ypode,11
9522-bnthx,34
4676-wluht,54
3329-wdiok,3
7980-mhflq,72
2873-zliwt,40
3415-taile,2
0757-wcuuz,54
1629-dqqvb,14
1915-iofgu,1
3045-xetsh,10
0374-aacsz,1
7239-hzzcx,1
4872-vxril,56
9140-czqzz,68
3423-hhxao,14
9938-tkdgl,68
0531-zzjwq,55
6537-qlgex,16
2688-bhgog,9
7683-cbdkj,14
0946-cljti,58
3160-tyxlt,53
1325-usmec,70
0916-qofdp,14
0628-cnqrm,22
5606-amzbo,10
6199-ipcao,29
7665-toald,1
0112-qwpnc,49
0324-brpcj,68
2777-phdei,1
5640-caxoa,30
2235-ezaik,72
3847-baerp,10
1196-amora,7
4282-ymkna,9
1453-rzfon,1
8263-oketd,20
0670-kdoma,1
2476-ygefm,29
8687-bafgu,1
0641-evboj,3
0829-xxplx,20
9974-jfbhq,64
5356-rhipp,1
6624-jdrds,6
0608-jdvec,50
9780-fkvvf,6
1919-rtpqd,7
5214-nltit,72
3345-pbbfh,8
5055-brmne,67
9189-jwshv,24
2190-phbhr,72
2650-gyryl,33
0746-jtrfu,2
5208-fvqkb,70
7184-lruur,22
6627-cfosn,59
3982-jgsfd,36
1574-dycwe,51
7247-xozpb,53
2466-fccpt,20
6211-wwltf,63
4826-tzeva,40
6016-nxbnj,35
9138-efsmo,26
0576-wnxxc,27
4632-xjmex,53
8910-ledag,34
3452-gwuin,19
2716-gfzor,43
3724-ucshy,6
8626-xhbie,56
4628-cttla,57
3192-lnkrk,34
4439-yrnvd,10
2876-vbbbl,1
6834-nxdca,13
2208-ugtgr,56
3005-tyfrd,55
8670-mefcp,36
3079-bchln,47
7777-unyhb,12
5597-glbuc,1
7278-ckdnc,24
2748-myrvk,63
8450-uyibu,35
2969-vapyh,67
4822-ycxmx,25
7181-oqcut,21
8474-umlnt,13
9821-pootn,35
3836-fzsdj,71
9142-xmyjh,29
6559-ilwkj,71
0187-qsxoe,7
7733-udmtp,57
2649-hwlyb,65
5214-chiwj,27
4229-czmll,6
6904-jlbgy,72
2465-blleu,1
1685-vayjf,11
8874-ejnsr,39
6917-yacbp,59
5049-mubwg,26
4223-wozcm,2
0769-murvm,72
9253-vifjq,65
7030-fztfm,72
9741-ylntd,6
5917-ryrmg,32
5120-zblai,50
1194-bhjyc,61
3663-mitlp,15
0906-qvpms,72
9025-zrpvr,9
1905-oeilc,1
7858-gtzsp,12
3285-ucqvc,37
6248-bshkg,61
4685-tflls,18
3470-btgqo,21
1209-vffoc,68
8224-dwckx,12
5482-plvpe,2
4553-dvpzg,62
4902-ohlsk,29
6917-iayhd,1
0495-zbngw,5
8620-rjpzn,1
7572-kpvkk,62
2642-mawlj,36
2357-coqek,28
7103-zgvnt,69
3737-gcspv,11
2027-wkxmw,63
7137-naxml,23
2428-zmctb,10
2961-vnfkl,71
1768-hnvgj,45
6963-kqyqb,70
5934-rmpov,22
1207-blksa,52
4088-yldsu,55
8316-bbqay,65
1166-pqlgg,72
3146-jtqhr,10
4291-yzodp,7
4395-pzmsn,5
6427-fefig,24
0017-iudmw,72
8706-hradd,21
9955-qopoy,69
4385-zkvnw,44
5446-dkwyw,61
2034-cgrhz,24
5797-apwzc,1
3683-qkiue,6
4228-zgyuw,4
9031-zvqpt,72
2990-iajsv,72
8107-kncim,14
9027-yfhqj,7
5176-ldkuh,48
4644-obgfz,55
7926-ijoou,1
6480-yagiy,45
4029-hpfvy,3
7602-dbtou,71
5345-bmkwb,8
3519-zkxgg,3
5457-colht,69
6416-tvaih,1
5451-yhypw,72
5108-adxwo,11
7998-wnzem,71
3066-rrjio,1
4664-njcms,33
0307-bcopk,16
7629-wfglw,56
2542-hygiq,1
6715-ofdbp,5
5016-lipdw,57
6481-lxpwl,56
1567-dscic,8
2150-uwtfy,22
6124-acrhj,1
9362-mwodr,40
9975-gpkzu,46
9625-rzfuk,63
5153-lxkdt,68
5161-ubzxi,69
1020-jpqow,56
7919-zodzz,10
0565-jupyd,63
6867-acczi,24
5939-xaixz,19
9054-fownv,22
2683-bpjso,29
2157-mxbjs,13
8207-vvmyb,70
9732-eqmwy,49
9360-ahgnl,43
1087-udsih,3
5269-nrgdp,42
6195-melti,57
5485-wuywf,2
2121-jafom,72
8818-dopvl,46
2632-ucgvd,66
5445-pzwgx,62
1227-udmzr,72
5198-hqaen,35
9170-cckou,17
2167-fqstq,72
2819-gweni,28
1043-ycute,56
3814-mlaxc,31
3572-uuhrs,45
2692-pfytj,1
1226-udfzr,2
5955-epoaz,6
6821-jpcdc,48
8815-lmflx,25
9135-hswoc,64
8582-krhpj,50
5811-iwxym,52
7044-yaacc,4
8189-xrike,32
1506-yjtyt,45
4123-dvhph,9
6425-yqllo,66
5442-utcvd,3
2228-bzdee,54
7734-dboai,1
2789-czanw,64
2091-rffba,31
2114-mgina,14
7596-lduxp,12
3740-rlmvt,67
4489-snojf,35
2192-ozitf,45
5651-cpdnd,10
2186-qzeya,29
1131-alzwv,24
7729-xbtwx,66
9134-wyrvp,51
3284-svcro,45
9732-ouyrn,49
0559-ckhus,29
2931-svltv,40
6899-ppeea,37
7504-uwhnb,25
2582-fffzr,22
8908-nmqtx,72
2187-lzgpl,7
1431-aidjq,33
6288-lbear,23
4597-nucqv,24
9019-qvlzd,1
8413-ynhnv,69
5808-totxo,3
4369-nyscf,56
6333-ydvlt,65
5324-ktgcg,71
5599-hvltw,14
7394-lwlyn,2
3707-lrwzd,32
6873-udnld,40
2700-lueva,1
1455-esiqh,1
0958-yhxgp,7
1101-sswag,15
2979-sxese,17
4013-tldhq,19
5743-khmna,71
4194-fjarj,54
5325-uwtwj,31
3969-gyxel,11
9208-olgaq,18
3244-cqphu,72
2674-mlxmn,71
9708-hpxwz,5
6992-tknyo,38
4468-ydovk,5
3754-dxmrt,2
5792-jalqc,52
7130-vtewq,8
2200-dsaal,68
4302-zyfel,69
9351-lzygf,42
4366-ctouz,50
6121-vznqb,1
7903-cmpey,1
1518-omdik,33
6671-ngwon,7
0595-itudf,64
6996-knsml,1
1955-ibmmb,59
0096-bxers,6
3806-yazov,3
7998-zlxwn,15
6253-wrfhy,13
9133-ayjzg,23
2675-otvvj,31
8680-cgltp,29
8430-twcbx,49
5018-gwuro,56
6741-qrlup,63
4737-hobax,63
0537-qyzzn,24
3340-qbbfm,36
1704-nrwye,9
2592-seifq,3
8200-klnyw,21
3372-cdxfj,13
4781-zxygu,1
7632-yutxb,25
2718-yskcs,71
9896-uymie,66
0853-nwifk,45
8212-crqxp,22
6980-cdgfc,67
7691-xvtzh,68
2520-sgtta,0
7481-atqqs,49
2277-vwcni,4
1088-cnnkb,63
8642-gvwrf,2
1930-bzlhi,21
3400-esfuw,55
5868-ytyks,1
3525-dvkfn,17
1482-oxzsy,30
0377-jbkkt,22
5778-bvofb,9
3373-yzzym,1
2057-zblpd,21
0228-mauwc,19
5502-rluyv,69
0023-hghwl,1
7663-yjhsn,72
4915-bfsxl,70
3086-rucrn,66
5215-lnldj,7
7576-jmywv,46
9039-rbeee,39
0257-kxzgu,32
1307-atkgb,24
8417-fmlzi,6
3714-xpxbw,37
1850-akqep,8
2824-dxnkn,72
5227-jscfe,71
0848-zgqij,16
3621-chyvb,57
8042-rnlko,66
1792-uxafy,17
5372-fbkbn,21
0420-txvsg,66
6217-towgs,17
0515-ypmcw,1
0378-xszpu,58
1045-ltcyt,8
1544-jjmyl,27
4636-jgaai,34
6874-sglhu,30
5951-aofih,33
4729-xkasr,1
3059-ngmxb,14
8652-yhiyu,16
5278-pnyox,49
5449-fibxj,19
3486-hoogq,70
5061-pbxfw,32
8630-fjlib,18
3891-nlxjb,37
4749-ojkqu,4
0577-whmev,16
5453-axepf,17
3639-xjhkq,19
3716-lrgxk,60
2263-sfsqz,51
9950-mtgyx,28
3397-avtku,43
4825-furez,42
9837-bmclm,3
2672-ojqzp,1
0137-udeuo,3
3134-dshvc,63
6161-uuuta,3
7821-dprqe,68
6543-xrmyr,30
2001-ewbqu,60
4925-lmhok,15
1608-gmewb,45
6695-amzuf,70
1455-ugqvh,10
8410-bgqxn,4
8280-mqrqn,1
1619-ywubb,68
7611-ykytc,22
2037-sgxhh,38
3178-feszo,1
0365-gxezs,18
0082-oqiqy,29
6087-mvhjh,16
4603-janfb,1
3018-tftsu,12
3606-sbkry,31
4806-kexqr,4
0667-nsrgi,48
7083-ynsky,15
6893-odyye,50
8242-jsvbo,7
2479-bramr,41
9541-zpsea,68
2665-nptgl,26
1139-wuoah,57
4693-vwvbo,3
7434-shxls,1
6937-gcdgq,19
0988-jrwwp,3
5075-jsdki,59
7908-qcbca,1
8644-xytsv,42
6711-fldfb,7
3873-wosbc,67
7465-zzrvx,1
7975-jmznt,66
7251-xfoil,61
4116-iqrfr,4
3714-jtvov,42
8259-dzliz,64
0442-zxkvs,54
7853-wnzsy,1
3120-fazkd,54
8606-oegqz,18
0225-zorzp,3
4702-ioqdc,1
9489-jmttn,72
0575-cuqov,60
0967-bmlbd,11
6178-kfnhs,12
2830-lewoa,61
5006-mxvrn,39
1264-bywms,55
9658-wyufb,17
8327-wkmie,37
6917-fijhc,72
5329-krdtm,72
7797-ejmdp,8
3530-vwvgu,22
2013-sgdxk,1
6368-nwmce,38
3633-cdbuw,17
0707-hovvn,70
8580-qvloc,72
3956-mgxog,28
9274-uarkj,15
4077-hwuyd,72
2012-nwrpa,11
8808-eleho,8
0103-csitq,57
3506-lcjdc,1
8671-kkkos,46
7305-zwmaj,30
9518-xxbxe,10
3934-hxcfz,23
6578-krmaw,32
4860-ijude,13
7666-wkron,39
9688-ygxvr,44
0423-udijq,9
1945-xisks,67
4910-aqffx,9
2154-kvjff,15
5360-ljcnj,71
2607-fbdff,1
9647-ergbe,30
3428-xzmaz,1
1100-ddvrv,17
0378-tovms,3
4355-hbjhh,67
6728-wyqbc,1
9058-cbreo,1
9029-fegvj,32
7216-kaoid,41
0318-quuob,1
6145-nnpno,1
5520-fvewj,12
5339-tjfek,62
5572-zdxhy,22
2074-guhpq,17
4625-xmoym,72
5827-mwczk,56
1385-tqozw,9
5914-xrfqb,72
4329-ypddq,20
4804-ncpet,19
3750-ckvkh,2
5944-ugllk,53
8063-gbatb,27
7787-bntzm,6
2252-isrnh,9
9415-tpkrv,8
5322-teujk,71
4547-kqrtm,10
4877-evatk,1
1866-dioqz,71
8375-kvthk,68
2697-nqbpf,34
3709-oijea,26
7639-supcw,22
1386-zikuv,7
0599-xnydo,20
6377-whaox,60
6855-vlgos,72
8999-xxgns,72
8746-oqqrw,4
3181-mizbn,16
0471-arvmx,62
7766-cltic,10
5650-yliba,31
0825-cppqh,71
9084-oaykl,58
6122-ljada,70
2400-xiwio,71
7524-vrlpl,69
1069-xaiem,1
7569-nmzyq,72
5201-ussqz,26
2105-phwon,33
1494-ejzdw,10
4884-tvuqf,57
8003-ewndz,10
1897-rcfum,39
9256-jtbnz,11
4658-hcohw,21
2211-rmnho,68
2432-tfsmk,18
3440-jpscl,6
4929-roart,18
1834-abkhq,52
1741-wtpon,56
3932-ijwdz,45
1240-hcboh,67
3594-kadlu,3
8065-bvepf,65
3796-enzgf,63
1734-zmntz,11
2853-cwqfq,1
0813-taxxs,55
2519-twkfs,25
2889-fpwrm,72
0626-qxngv,72
6723-cegqi,65
6987-xqsjt,54
4732-rrjzc,7
9499-xpzxm,72
4338-eycer,21
3007-fdpea,2
6350-xfygw,4
4290-bsxux,3
8513-olygy,72
0311-qywss,6
8705-dwkti,52
8755-iwjhn,69
0325-xbfac,8
4480-qqrhc,8
0929-peclo,63
3680-cthuh,60
1202-kkgfu,12
6112-kthfq,13
1852-xemdw,22
2462-xiijb,5
4760-xohvn,1
1820-djfph,72
9426-sxnhe,2
9068-fhqhd,40
1269-foywn,44
9470-yfuyi,71
7817-boqpw,2
7402-eyfxx,26
1853-udxbw,1
9895-vfoxh,1
5458-cqjta,65
1230-qajdw,3
5701-zikje,13
5219-yiptk,33
5032-miykt,1
7396-vjuzb,4
9717-qebgu,2
5172-rkocb,72
6509-tsgwn,37
3540-rzjyu,15
3178-cifot,23
2091-mjtfx,30
4530-ndrku,42
5985-tbabq,32
9800-ontfe,22
6743-hhqpf,42
8455-hiraq,8
6616-aalsr,65
0883-eibti,2
9415-znbsx,70
4018-kjyuy,22
0722-troqr,4
7571-yxdad,2
3884-uebxb,67
8780-rsyyu,25
5537-uxxvs,20
1791-pqhbb,2
8701-dglvh,51
8741-lqobk,46
3393-fmzpv,25
8082-ghxop,13
6402-zfppi,25
0980-fexwf,26
7486-ksrvi,43
3011-wqksz,19
8443-wvpss,10
3006-ximln,2
8218-ffjds,72
1986-phgzf,18
9965-yokzb,9
0504-hhapi,27
9360-omdzz,24
6305-ylbmm,69
0345-xmmug,46
8024-xnafq,72
3647-gmgdh,22
2988-gbivw,70
2832-scuco,2
7036-zzkbd,31
3791-lgqcy,56
0265-psuae,16
0463-txoak,52
0594-uftul,13
9509-mpyod,35
9128-cpxki,59
0129-kptwj,72
8166-zztfs,66
5855-eibde,49
5365-llfyv,2
5956-yhhrx,21
6008-naixk,54
2956-ggucq,24
1928-bxyiv,1
5760-fxfvo,6
6595-cokxz,1
0961-zwlvi,49
5181-oabfk,56
4007-nhvhi,56
7816-vghto,6
5871-dgtxz,32
7550-wiqva,50
7544-zvikx,58
0016-qljis,65
7508-dqakk,64
5176-olskt,66
9356-axgmp,38
3556-bvqgl,20
0362-zbzwj,36
8979-camgb,64
4211-mmazn,1
7581-ebbou,60
4274-owwyo,1
5073-rzgbk,50
1541-etjzo,1
2192-ckrlv,72
3154-hmwuu,60
6119-spudb,46
6522-oiqsx,69
7813-zggaw,31
8748-hfwbo,19
1052-qjibv,71
1319-ylzjg,12
4106-hadhq,39
0723-fdlay,44
3050-rllxc,56
9298-wgmrw,72
2369-uapkz,5
3088-lhefh,11
2778-oclgr,24
6583-kqjlk,15
8544-jnbox,72
6681-zsexg,56
6139-zzrbq,64
6116-rfvhn,34
0637-kvdlv,2
8884-feewr,35
3125-rahbv,22
6633-mpwbs,5
0373-aivnj,9
8785-epncg,11
1682-vcoio,23
5729-klzar,4
2072-zvjjx,68
8849-ayptr,33
9518-imlhk,31
1582-rafml,1
3646-itdgm,56
8740-cryfy,1
3569-vldhh,66
8224-kdlkn,72
7594-lznwr,34
4001-tsbtv,58
2962-xpmcq,2
8727-xdpud,37
1043-uxovo,71
1064-fbxnk,1
3996-znwyk,71
2878-dhmin,35
7762-onljy,6
1678-fyzow,3
5795-bkoye,69
8627-ehgip,44
7402-pwyjj,53
5480-tbgph,24
0018-nyrou,5
7501-vtylj,2
7608-rgiro,62
0480-bixde,19
5895-qsxod,9
9814-aoudh,53
6175-irfit,5
8760-zrhke,71
1622-hshsf,1
8854-ccvsq,18
6749-utdvx,72
5542-dhsxl,4
9102-oxkfy,59
0511-jteoy,1
5216-wasfj,31
7808-dvwep,3
7067-ksazt,65
2284-vflkh,49
0366-nqshs,2
6532-ylwsi,53
3807-bpomj,55
3892-nxazg,72
4948-wbbkl,36
4182-bgsiq,10
9300-agznl,1
0988-aadsa,72
9972-nktfd,28
3717-lnxkw,38
5734-ejkxg,61
2207-ryyrl,52
6729-fzwsy,67
9695-idrzr,34
8144-dghxp,54
7814-leeve,1
1112-cunao,15
5175-aobhi,4
5174-rngbh,9
8631-wuxgy,46
7270-bdioa,22
9565-jsnfm,38
5906-dvapm,55
6654-qgbzz,1
8348-jlbug,64
0607-daahe,53
5641-dmbfj,58
9200-nlnpd,56
2664-xjzno,72
9732-kpkbw,1
3339-eaqnv,72
0921-ohlvp,22
3389-ygyai,8
9560-argqj,16
8350-nymvi,39
1600-dilpe,12
0536-esjep,54
4654-gguii,18
6478-hrrcz,32
8510-bbwmu,41
6857-tkdjv,67
2360-rdgro,65
0584-bjqgz,25
5134-ikday,1
1360-xfjmr,67
3070-dveyc,7
5730-riito,43
9058-mjlzc,24
5707-orndz,9
0902-xkxpn,69
5177-rvznu,37
0056-epfbg,20
8993-izeux,7
8696-jkznu,37
5380-afssk,5
8190-ztqfb,41
0931-mhtem,54
2055-pdadh,3
7515-lodfu,69
0440-uedai,53
1337-bozwo,18
0868-vjrdr,64
8714-euhjo,31
6344-sfjvh,20
3950-vpyjb,57
8041-tmeid,63
7321-znsla,13
6941-kxrrv,48
3721-cneys,2
8727-jqfhv,57
9475-nndgc,71
1355-kusbg,7
3688-fthlt,16
0899-liibw,34
2568-oiady,37
1384-rcuxw,16
5825-xjocm,48
6848-yldfr,58
8125-qpfjd,72
2320-ykqbo,7
1193-rtslk,38
2302-antdp,48
5923-gxuoc,10
4973-rlzvi,30
7869-zydst,31
4501-uykbc,46
1215-exrmo,50
2305-mrglv,28
8404-viomb,66
5233-geeax,8
2359-kltek,41
5304-efjlp,72
2673-zalnp,7
9184-galil,38
4393-rycre,44
9746-mdmbk,47
3162-zjzfu,53
8404-gfgcz,4
8875-akbyh,20
4432-adrlb,2
0533-ucaau,57
1394-suiuh,44
3521-mnklv,24
2533-tibix,15
8993-phfwd,3
1565-rhdjd,4
7137-rylpp,37
3765-jxvky,1
5092-stpkp,24
7330-wzlnc,5
0114-pegzz,33
3359-dsrka,58
8639-nhqei,72
7161-dfhuf,71
3957-lxolk,28
3720-dbrwl,51
6635-myyyz,30
8565-wuxzu,72
5281-buzgt,36
4994-obrsz,14
0562-fgdcr,72
2436-qbzfp,22
3420-yjlqt,2
6040-cgacy,15
6582-plfuu,51
8242-pdsgj,70
0264-cnitk,71
0089-iiqko,39
7839-nuiaa,61
6075-qmnrr,52
5378-ikeeg,1
5966-emazu,64
0440-ekdcf,62
4774-hhggs,30
2718-gaxqd,4
2055-bfocc,63
8180-akmjv,1
4298-oyifc,15
5566-soezd,27
9842-efsyy,4
2272-wuspa,72
4584-lbnmk,45
3898-guyts,45
0930-ehuza,36
6413-xkkpu,17
9975-skrnr,1
3703-kbkzp,16
1449-xqemt,3
2626-urjfx,4
4973-mgton,71
3682-yeuws,10
1223-unpks,20
2612-rridn,4
4735-asgma,26
3446-qdszf,4
3669-lvwzb,5
6892-ezdtg,4
5117-ifgps,29
7379-fniuj,2
1627-afwvj,29
9725-scpzg,1
5884-gcymi,1
3217-fzdmn,8
4486-efaeb,13
0060-fualy,59
7853-gvudz,1
7480-qnvzj,50
6954-ooyzz,18
7088-fbawu,17
8313-afgbw,47
3943-kdree,26
9239-zbzzv,6
3097-idvpu,19
4398-hscjh,3
2197-omwgi,68
2303-pjyhn,2
9795-vowon,7
1237-wiyyz,18
1987-auelq,71
7852-lecyp,13
4430-uzipo,3
4822-lptyj,72
8165-cbkxo,66
6527-pzfpv,24
4855-snkmy,1
9593-cvzkr,56
8595-siznc,22
8008-hawed,14
7124-ugsur,61
1862-skory,40
5236-xmzjy,42
4827-dpadn,72
2694-ciumo,12
5846-abobj,71
1439-lcgvl,26
0909-sdhnu,7
4647-xxzam,6
1502-xfcvr,58
7740-kkcxf,51
5360-xgyaz,72
9692-tusxh,18
7912-syrqt,7
3557-htywr,47
4816-jbhov,2
8920-navay,62
1699-tldlz,16
5600-pdujf,6
8292-tyspy,19
0567-xrhcu,69
1867-bdvfh,11
2067-qytcf,64
2359-qwqul,39
9103-tcihj,15
7407-sujiz,25
9150-kpbjq,6
0052-dckon,66
3654-armgp,61
9699-ubqfs,43
9367-tcuyn,12
1261-fwtte,23
3528-hfriq,71
0708-sjdis,34
4140-wjaww,5
2073-qbvbi,41
6928-ontrw,72
3320-veoyc,14
5231-fiqpa,41
6617-wlbqc,23
2599-cipqe,71
6653-cbbom,1
8774-gsbun,72
7326-rigqz,6
1401-fthfq,23
3247-zvouo,10
0254-fnmci,72
1848-lbzhy,7
6101-imrmm,6
8118-tjafg,9
5429-lwcmv,12
7298-izwly,1
9758-mfwgd,48
3955-jbzzm,20
1268-asbga,16
8943-urtmr,2
4815-tumeq,10
4713-lzdrv,2
9909-idlek,20
4092-ofqzs,20
1561-bwhin,19
4325-nfskc,19
9927-dswdf,22
9500-ltvbp,35
7252-ntgss,1
8149-aiqcg,39
1360-jyxkq,54
2955-psxoe,1
7762-urzqh,66
0899-wzrsd,56
3255-grxmg,18
4828-fazpk,16
6094-zivkx,68
6925-baygl,53
3262-eidhv,72
7354-oijlx,9
1376-hhbdv,30
6907-nzzij,36
6133-ozile,18
4135-frwkj,55
2911-urefd,39
3744-zrrdz,21
5673-tiyib,2
6551-zcots,33
7191-adrgf,44
5018-lxqqg,30
6892-bogqe,71
1602-ijqqe,4
4628-wqcqq,35
1746-tgtwv,1
5995-snnew,23
8050-wybnd,22
2821-warnz,49
4879-gzlfh,42
1644-irksf,33
8314-htwve,7
9402-roumj,67
2507-qzpqs,15
7159-nokyq,67
5707-zmdjp,53
8779-yiqqa,21
7136-ihzja,40
8966-oiqhg,22
7074-stdcn,39
3705-psngl,45
8739-qottn,2
1399-oupjn,57
0277-bksqp,8
6502-hcjti,7
2606-rmdhz,6
5774-xztqc,7
2676-sslto,49
6266-qhojz,65
7269-jiscy,55
0363-svhyr,71
8547-nsbbo,35
8258-gstjk,3
6861-okbce,11
9940-rhlfb,1
6591-qgoyb,17
9070-bckqp,72
6421-szvem,28
1328-euzhc,18
2995-uprys,40
8878-ryuki,52
9633-denpu,47
7811-jivpf,23
7113-hipfi,66
8541-qvfkm,8
6686-ypghk,47
1383-ezrwl,7
9258-cnwac,71
5371-vylsx,50
6374-afwox,46
4759-trplw,1
5317-flpjf,66
7621-vpnet,42
6034-ymtob,5
8563-iioxk,7
4903-cnozc,29
4353-hyojd,27
8020-bwhyl,15
7267-frmjw,25
2982-vpsgi,11
4188-frabg,57
8199-zllsa,67
4128-etesu,47
0620-dlslk,13
4625-ewptf,8
5980-noplp,44
3850-okinf,71
6892-xpfpu,24
8010-ezlou,15
1156-zfydo,1
3295-yvusr,2
8016-ncfvo,55
4119-zypzy,71
5549-zghfb,50
7577-swifr,1
0303-wmmrn,5
6408-otubz,66
5204-hmgyf,49
1078-tdcrn,3
3727-ovpry,66
3797-fkogq,11
7622-nxqzr,28
6196-hbobz,65
3970-xgjdu,62
7017-vfuly,2
5562-yjqgt,2
8807-opmbm,55
5439-wikxb,41
9874-qlclh,17
8294-uimba,30
8109-yuohe,17
5840-nvdcg,16
8092-nltgf,72
5928-qldhb,9
9840-efjqb,1
0696-uktox,23
4801-kfykl,8
3472-oaoor,19
6135-ozqva,7
8062-ybdoe,1
2252-jhjge,61
4188-pcpig,57
6000-apylu,9
7105-benqf,15
7721-dvekz,1
3566-vvorz,12
9507-hsmmz,54
2480-sqiob,4
0947-idhrq,7
7813-tkcvo,20
0128-mkwsg,26
3672-yitqd,36
4350-ztlpi,53
9048-jvyvf,3
0361-hjrdx,68
5727-myate,72
3823-kynqy,12
8988-ecpjr,34
7570-welny,68
3021-vlnrj,50
3776-ektkm,1
2080-caznm,41
1028-ffnjk,30
6907-flber,1
3001-unbtl,29
5982-psmkw,23
3507-gasnp,60
7096-znbzi,72
1902-xbtfb,22
1676-mqaoa,72
0786-ivlaw,66
7566-dsrlq,72
0643-oklrp,47
7245-jmttq,51
6050-ijrhs,70
6202-jvyeu,9
8591-tkmzh,59
0734-oxwbt,3
4282-acrxs,38
0365-trtpy,37
7349-almux,37
9381-ndkme,24
6502-kugll,14
1841-ysjgv,72
2794-ximmo,53
8382-shqeh,8
3511-bftjw,72
7668-xcfyv,17
2983-zanrp,2
7845-urhjn,8
3034-zbeqn,48
5018-hekfo,10
2923-arzlg,0
3976-nldez,1
2282-ygnor,29
5336-ufnzp,65
6854-exgsf,8
1241-ezfmj,61
9233-psyho,45
5376-pcknb,72
8044-bgwpi,12
4060-ldnlu,7
3589-ppvkw,9
8327-lzkas,43
5887-ikkyo,58
1075-bgwoh,16
1755-rmcxh,2
0302-joivn,8
3858-xhyjo,40
4299-simns,9
7025-iwfht,41
6261-lhrtg,26
7841-fcrqd,33
2056-evgzl,68
8777-mbmts,65
7753-usqyq,55
5366-ijeqj,20
7661-cpurm,19
6233-hxjmx,45
5902-wblse,70
1981-inrfu,2
4971-puyqo,27
3239-tphpz,12
5115-gzdel,72
3338-cvveh,12
8485-gjcdn,5
2615-yvmyx,71
2851-sterv,35
4393-geadv,70
8486-ayeqh,31
1527-sxdpn,52
6029-wtipc,37
8634-cilsz,69
5419-jkznq,30
2495-kznfb,33
1409-phxtf,54
4560-wqaqw,59
9591-yvteb,55
9309-bzgnt,69
4274-drsqt,66
2027-dnkiv,37
8075-gxiub,9
2885-hijdh,69
5424-rlqlc,10
6682-qjdgb,40
6507-dtjzv,13
8780-ixsts,6
7673-bqgku,69
6723-wsnty,66
9530-ehpoh,11
2725-iwwba,46
0345-hkjvm,6
1061-pnthc,56
0394-yondk,70
6574-mcoeh,33
7399-qhbjs,72
3049-solay,3
0997-ytlny,19
3317-hrtnn,5
9479-hynyl,71
3235-etoob,8
9708-kfdby,1
8058-intph,1
3642-gktct,61
0774-rmnuw,71
1334-pdukm,68
0756-mpzrl,46
2242-mfotg,33
2927-cvult,53
2144-bfdso,50
8745-pvesg,57
7647-gyykx,54
5647-fxotp,60
5569-ouicf,28
8821-xnhvz,1
2082-ojvtk,29
9700-ispup,10
9839-etqoe,43
6078-vesfr,13
9027-tmatr,43
5940-nfxkv,19
1941-hosam,1
9110-hsgtv,69
0704-vcumb,61
6171-ztvyb,43
8053-wwdro,6
9564-kclhr,1
1935-imvbb,56
2535-pbcgc,70
2082-ceflt,1
1470-psxnm,49
1213-ngcun,6
2498-xldzr,32
9866-occke,72
5338-yhwyt,37
7718-upskj,69
8731-wbbmb,26
1448-cywkc,58
7901-iidqv,24
2690-dvrvk,5
5688-kztsn,15
1270-xkucc,30
0334-zfjsr,55
2894-qojrx,25
5747-pmbsq,10
5583-ejxrd,44
4565-evzmj,47
3143-jqegi,13
6386-szzkh,49
3327-ybakm,64
9441-qhevc,1
6705-lnmdd,20
2580-asvvy,37
3370-gqeal,30
5032-uspkf,38
2982-ihmft,1
3521-syvor,37
4254-qpede,52
6283-gitpx,71
9526-jawyf,26
0771-chwsk,66
9788-hngut,72
9495-rediy,25
5375-xldof,69
1172-viybp,53
5649-vukmc,12
6559-pdzlr,26
8992-obvdg,21
4273-mbhya,1
4724-wxvwf,48
5701-guxdc,26
1460-uzprj,60
6082-gljix,18
5143-egqfk,10
4919-ikaty,5
2495-tthbq,4
0485-zbsln,65
3810-pjuhr,70
9050-qlroh,18
0847-hgrml,62
8232-ctlko,66
9227-ybaxe,65
6168-wfvvf,3
9860-lisiz,34
0112-qawrz,16
0877-sdmbn,54
2786-gcdpi,50
4043-mkdtv,71
8065-ykxkd,10
9637-eiheq,1
9229-rqabd,18
8313-ktihg,4
5320-brkgk,58
6284-kmnuf,56
9689-ptnpg,2
9465-rwmxl,32
6229-uolql,56
2362-ibooy,36
3137-lupix,4
0843-wtbxe,53
6143-jqkea,10
8676-ooqej,4
5515-idejj,1
9701-cdxhr,51
7450-nwrtr,12
8124-nzvgj,6
2162-frzaa,63
5376-deqcp,1
5118-mueyh,48
9095-hfafx,5
5627-tvbpp,35
2379-enzgv,6
3936-qqfll,2
2589-aycrp,50
4067-hlyqi,33
5124-eogye,31
5057-rkglh,9
0292-wegch,54
8910-ichiu,46
4097-yodcf,34
9715-wzclw,71
9786-ywnhu,63
6407-gsjnl,51
6005-obzph,26
4049-zpald,64
7932-wptds,1
3733-uocwf,61
6833-jmzyp,15
2722-vojql,64
1310-qritu,18
8961-qdzzj,57
9715-sbvsu,14
8490-bxheo,18
7173-tetgo,72
7929-skfgk,70
2300-rqgoi,38
3563-svylg,68
5228-excet,13
6435-vwccy,65
4998-ikfse,30
8630-qsgxk,51
2455-uslmv,31
7394-fkdnk,9
9488-fvzcc,72
6331-lwdtq,10
5995-wwkkg,37
1597-fzreh,2
7879-cgsfv,55
9921-ezkby,33
7432-ffvar,46
7246-zgqdf,1
7000-wcevq,20
0727-iwkvk,9
5959-belxa,32
4456-rhsnb,19
3512-izikn,70
2481-sboyw,61
7109-mfbyv,26
1833-tcxkk,45
1832-peuts,62
6141-ooxuq,1
8660-buetv,3
0580-piqhm,41
5696-ceiqj,67
7503-zguzj,1
1696-hxowk,71
3026-atzyv,37
4012-ycfai,60
2506-tnfco,1
9970-qbcda,6
8718-ptmez,13
9496-ivvrp,11
2207-obznx,7
2657-vpxta,10
6551-vljmv,34
1221-ghzep,62
9289-lbqvu,64
6142-vsjqo,1
3458-idmfk,25
6933-fhbzc,26
0221-nauxk,10
9770-kxgqu,53
6437-ukhmv,7
6538-pochl,33
6726-nnfwd,71
3002-wqzwt,29
4277-udief,24
1208-nbvfh,20
4912-piguy,1
1114-cenim,54
6060-drtnl,5
2725-ttriq,72
3374-ttztk,52
8990-zxlsu,9
2275-rbyqs,1
8473-vuvjn,1
6289-cpnld,33
5536-slhpm,55
4419-ujmus,69
7794-jasdg,1
7609-ybpxg,54
5519-teeuh,33
7856-ganil,45
0804-xbfbv,11
2676-oxppq,6
3703-ttepd,21
2799-tslag,65
0196-vulgz,6
8837-vvwlq,8
2696-nartr,11
2208-nkvvh,43
7614-qvwql,49
1976-cfocs,1
4631-oacrm,15
7139-jzfvg,60
4987-gqwpo,17
3755-jbmnh,16
1757-tcatg,35
6345-ulyrw,44
4776-xskyq,12
8048-dsdfq,1
5753-qqwpw,28
6010-ddppw,70
1809-dmjhq,5
6693-frirw,18
6586-mygkd,70
3173-nvmpx,9
0248-pghbz,67
0623-gdisb,1
2892-gesul,18
6923-efpnl,4
7472-eqoav,71
9574-rkjif,30
2043-wvtqj,1
8034-rytvv,55
3863-qstyi,59
2619-wfqwu,1
5044-lrqaq,7
1716-lsamb,45
1333-pbmxb,54
6546-opbbh,51
5985-behzk,72
9127-qrzmh,44
5919-vczym,2
9644-kvcnc,66
2137-dqmev,68
8174-lnwmw,31
9279-cjeoj,21
7964-vexdg,21
2404-jibfc,55
0778-nella,9
8029-xypwt,71
4614-nuvzd,1
4632-paoyu,22
3803-kmqfw,1
6804-gdmoi,61
2990-ogytd,67
6646-jppha,14
9572-mtilt,59
7658-uyuqs,21
7880-xsojx,4
9611-ctwih,3
4589-iuajb,70
0329-gtiaj,3
8746-bfoaj,21
8457-xigkn,20
6072-nuqcb,22
6629-cztth,1
8838-gphzp,63
8750-qwzaj,70
5364-evnib,13
6918-umqcg,5
0675-ncdyu,72
6339-dklmk,13
1346-pjwtk,61
5088-qzlrl,1
8023-qhaio,56
4397-frlta,4
3057-vjjqe,35
5087-suurx,18
2302-ouzxb,72
8133-anhhj,49
2270-chbfn,44
0013-exchz,3
5982-fpvqn,37
9107-ukcky,61
4654-ulttn,70
5550-vfrlc,1
5546-byzsm,41
1492-kgeth,70
4929-bstrx,1
4163-hftuk,51
8215-ngspe,42
2225-zrgsg,70
8859-ystws,48
5271-ynwvr,68
7601-dhfwz,48
2657-almwy,26
6330-jklpc,11
4667-ohgkg,1
1998-vhjhk,27
1707-habpf,46
1660-hsooq,1
7253-uvndw,46
0487-vvuvk,25
7228-omtpn,4
5063-iuokk,13
4508-oebey,31
0027-kwykw,23
2308-sterm,2
5982-xmdex,65
6284-ahooq,22
6051-ptvns,55
2344-jmogn,9
3799-isuzq,7
2877-vduer,35
9152-amkak,6
1794-hbqtj,1
9432-vofyx,17
8049-wjclq,10
6586-psjox,15
2460-fpsyh,40
9705-zjbcg,13
4818-drbqt,29
1320-htrdr,3
6847-kjlts,58
9670-bpnxf,45
3913-fcuuw,72
3301-vktgc,68
1493-amtie,1
9555-sahuz,38
0816-tsphq,2
9932-wbwik,11
4619-evphy,20
5286-yhcvc,72
6424-eleyh,3
4391-reshn,23
9115-yqhga,40
4462-cywmh,62
8963-mqvyn,22
2458-eomre,11
9334-gwgow,7
6821-buxux,13
5028-htljb,1
9801-gdwgv,39
6542-lwgxj,3
5567-gzkqy,58
1222-lryko,6
2320-jrsde,1
2087-qarey,22
0601-wzhjf,14
4423-jwzjn,64
5143-wmwog,1
6490-fgzat,6
5393-rxqsz,1
7452-folon,39
2320-tzrrh,20
0231-lxvap,1
9444-jtxhz,1
4942-vzzom,64
5510-boiuj,1
7502-bnygs,46
4291-hyebc,28
6147-cbcra,33
6047-suhpr,39
4471-kxauh,42
9752-znqut,1
7638-qvmvy,7
1576-pfziw,70
5666-mbjpt,65
7312-xsbat,1
3096-gkweb,18
2371-jqhzz,24
0674-gcdxg,63
1121-qsivb,44
4396-klseh,4
3244-dcjwy,1
2824-myybn,37
0875-cabnr,10
6345-hoves,34
8318-lcnbw,35
6469-qjkzw,4
0147-eswwr,39
1217-vaswc,43
7812-fzhpe,17
6370-zvhdv,61
5915-dgnvc,49
6260-xlacs,4
3566-caayu,64
4983-ccwmc,3
9103-cxvok,1
2896-tbnbe,40
4797-axpxk,1
5229-prwkt,8
6982-uqzly,1
2522-wlnsf,34
3841-conlj,1
5057-lcoui,39
0193-eszxp,58
4475-nvtlu,45
4369-htuif,6
9386-ldczr,43
9585-kkmfd,41
5399-zimkf,5
0336-kxkfk,72
5619-xzzkr,4
3948-fvvrp,9
5327-xokky,72
0983-tatyj,33
1813-jywto,72
0156-fvpta,22
1984-fcowb,70
0654-hmshn,21
6719-oxybr,15
3312-zwlgf,29
6476-yhmga,15
5287-qwlky,71
0795-xccte,72
0168-xzkbb,19
3785-nrhyr,1
5196-sgoak,1
4537-dktal,2
7072-mbhev,11
5602-bvfmk,12
6297-noopg,70
1891-uawwu,20
8204-tifgj,23
8050-dvojx,49
6108-oqzdq,4
0363-qjvfx,32
8903-xebgx,2
8169-saejd,69
9840-dvndc,6
1089-xzwhh,24
2325-wines,32
6064-zatlr,27
3096-jrdso,27
7824-pansq,58
8042-jvnfh,1
9648-bchkm,18
2888-adfao,47
8707-hoedg,70
3374-lxdev,13
4072-ipylt,36
7167-pceyd,67
4936-ypjnk,10
1580-bmcmr,19
4817-keqsp,71
6408-whtef,72
9251-awqgt,48
8749-cljxc,1
7989-vcqoh,18
5049-glyvg,1
4199-qhjnm,67
8882-tlvrw,69
5883-gtgvd,19
5135-grqjv,72
2384-ovpsa,38
1371-wepds,40
3580-gicbm,61
4817-qrjsx,10
9730-drtmj,32
4686-uxdml,21
3349-anqnh,59
2398-ypmur,13
0932-yixyu,47
7480-splef,69
7636-xuhww,2
1431-cywmh,22
5937-eorgb,15
6349-jdhqp,53
5539-hivak,28
5847-mxbeo,22
9985-mwvix,1
4583-parnh,16
1116-fryvh,48
1421-hcerk,30
9633-xqabv,3
0716-bqndx,57
1265-xtecc,68
1183-canvh,23
1972-xmuwv,65
8679-lzbmd,44
3407-jmjqq,71
6252-dfgtk,37
1539-lnkhm,12
8645-komjq,69
0289-ivarm,35
9761-xujwd,5
4057-fkczk,58
4291-tpnfg,72
6087-ypwho,72
3090-qfuvd,1
2237-zfsmy,39
1722-ldzjs,53
1818-esqmw,27
4871-jtkjf,1
1415-yfwlt,1
7401-rubnk,18
0506-ylvkj,46
8661-boynw,72
6711-vtnre,36
4815-gbtcd,4
2805-aufqn,25
0980-pvmrc,40
7233-drtrf,63
3500-rmzlt,15
3873-nftgi,14
1162-ecvii,72
7048-gxday,39
8571-zcmcx,47
1169-wcvak,19
4548-sdbke,5
8066-poxgx,13
7129-cakjw,17
8695-argxz,34
3570-yuekj,42
4143-oobwz,5
1555-hapsu,71
1697-nvvgy,19
7854-ektjl,2
8464-eetcq,57
2419-fsors,72
8132-ypvbx,6
9102-iayht,17
6754-lzuka,61
3422-lyepq,1
8099-mzpuj,48
0787-lhdyt,16
2642-dtvco,9
0374-ioegq,3
4361-jeivl,1
3197-nnynb,65
3396-dkdel,70
1752-ozxfy,60
9066-qrsdu,69
9112-wsnpu,35
9867-nnxlc,22
5321-ntrkc,66
1363-txlsl,1
9507-exltt,1
3161-getrm,34
0402-oamen,72
6933-vlyfx,31
6754-wkshp,30
9846-gkxas,9
6017-pplpx,20
4976-lnfvv,19
5055-mgmgf,65
4641-frolu,30
2862-jveoy,6
2969-qwubz,2
9822-biign,53
2077-mpjqo,7
1534-oulxe,61
7136-rvdtz,70
2971-sgafl,13
1480-ivevr,35
2905-kfquv,2
4581-sspwd,3
3370-hxoph,3
9391-yzejw,62
9958-mekuc,72
0281-cntzx,63
6927-wtfiv,20
4118-cevpf,35
3398-zouaa,21
9114-vepuf,62
7876-beutg,15
2338-bqezt,55
9873-mndkv,11
0378-nhqxu,17
8241-juiqo,61
2194-iiqof,71
4512-zuiyl,2
9631-rxvjm,35
9584-excdz,17
7969-aulmz,21
5093-feglu,47
2621-udnlu,3
7526-ivlyu,3
2428-hyunx,44
9214-ekvxr,1
3410-mhhum,44
0568-onfpc,5
0733-vunuw,24
4550-evxny,1
2122-ywvya,18
2968-ssgaa,10
2296-dkzfp,65
4844-jjwuy,1
6777-tghtm,53
8909-bolnl,3
6603-yrdcj,33
3538-wzphd,3
3229-uswar,34
2138-vfapz,14
6131-jlwzm,13
4785-qrjhc,46
0269-xfesx,23
1709-ejdox,47
4316-xcslj,17
8610-wfcjf,49
9693-xmuob,59
0383-cldda,69
4905-jefdw,11
2709-uqgnp,10
3549-ztmnh,12
7881-inrlc,45
8033-atfas,39
1635-nzatj,71
0562-hkhml,71
8277-rvrsv,33
9943-vszuv,67
0117-lfrmw,37
6172-fecyy,49
7054-enngu,9
1455-hfbxa,52
9402-cxwpl,70
1628-bizyp,1
1965-aktsx,14
0082-ldzue,1
4786-uksnz,1
5343-sgubi,52
0856-naoes,6
1976-azzpj,7
7248-vzqlc,47
6156-uzdlf,26
3099-oonvs,25
9500-wbgrp,69
5183-klyem,72
5144-pqcdz,4
8514-vzheb,59
6625-iuttt,67
9355-nppfs,26
0068-figtf,27
5965-ggprw,72
8035-pwsev,6
2236-hilpa,62
1840-biuog,20
1356-mkysk,6
6080-lnesi,51
1830-ipxvj,61
5828-dwpil,62
8398-tbiyd,72
0011-igkff,13
4192-gorjt,5
6496-slwhq,3
9912-gvseq,26
2931-fsohn,13
9418-rukph,38
5383-mmtwc,8
9971-zwpbf,34
4712-auqzo,18
9711-fjtbx,56
2908-ztpnf,36
7240-etptr,9
2202-cuyxz,1
5995-oiglp,12
8421-wzoow,57
6261-rcvns,42
7951-qkzpl,33
1414-yadcw,70
8756-rddlt,68
2862-pfnik,1
5816-qvhrx,37
4430-yhxgg,4
6888-sbyai,1
7395-xwzoy,20
7169-ywamk,72
3640-phqxk,31
6877-lgwxo,18
6859-rkmzj,11
2729-vnvap,33
2957-jirmn,62
2049-bafnw,1
3842-qtgdl,16
7163-oceqi,22
9782-lgxmc,49
5975-baicr,36
8019-enhxu,42
5167-gbfre,4
9033-eoxwv,12
4673-kksls,31
4853-oitsn,5
9800-ouigr,66
1324-nltje,15
2324-efhvg,64
7094-mszao,10
1522-vvdmg,7
6907-cqgpn,29
0780-xnzfn,57
0239-oxexl,46
2675-ijrgj,53
7049-gkvzy,17
8577-qsocg,38
3721-cnzhx,15
0212-isbbf,22
9185-tqcvp,14
3585-ynadk,57
5271-dbysj,11
1099-godlo,1
6828-hmkwp,12
5567-wsele,3
1472-tncwl,36
8063-rjynf,16
0687-zvthb,65
2080-gkcwq,2
9661-acxbs,42
2193-sfwqw,72
5656-jamlx,62
3462-bjqqa,6
0442-tdyuo,48
6733-lrizx,35
9503-xjume,52
4367-nhwmm,1
3727-rjmeo,6
3779-oswcf,71
6736-dhuqi,67
3915-odiyg,60
1360-rcyrt,23
2724-fjdyw,39
4451-rwasj,15
6646-vrfol,53
3460-tjbwi,24
5917-hbsdw,37
5685-iixly,5
5671-uunxd,50
0956-acvzc,54
2325-nbpzg,3
4250-zbwlv,68
4482-ftffx,5
8859-dztgq,33
0440-mogpm,41
0020-jdnxp,34
3752-cqsji,13
5025-gooki,20
4698-kvllg,51
5095-aeskg,3
2887-jpylu,41
4770-qazxn,13
4896-cprpf,35
1871-mowrm,12
9714-edsuc,4
2027-oaqqc,43
0282-nvsjs,12
9090-sgqxl,68
6595-ygxit,25
7353-yowfp,7
9835-ziitk,66
8008-esflk,53
7537-cbquz,63
1555-djeqw,70
5649-tjhov,27
0519-xuzju,1
3363-ewlgo,5
4750-ukwjk,37
6338-avwcy,3
1689-yqbyy,12
4487-zyjzk,38
2959-fenlu,9
0708-lgsmf,13
9253-qxkbe,29
7634-hlqjr,47
0487-rpvum,61
4079-ulgfr,16
2516-xsjkx,41
0057-qbuqh,43
9445-szlch,36
6599-sfqve,6
8331-zxfoe,58
4003-fushp,19
0356-erhvt,11
7325-enzfi,39
4884-zthvf,8
3920-hihmq,26
3055-oymse,53
0613-wuxum,70
7568-podml,1
4458-kvrbj,59
5349-iecld,2
1397-xkkwr,7
3945-gfwql,12
8097-omulg,59
6013-bhcaw,61
0401-wdbxm,72
3387-plkui,13
6096-egvtu,64
3797-vtidr,1
5081-nwsup,10
2580-atzsq,65
8085-msnlk,62
9691-hkovs,55
9881-vczep,25
9526-bihhd,1
8757-tfhhj,1
4523-wxcef,59
1468-defnc,64
5119-kepfy,36
8364-trmmk,3
0916-knfaj,61
8319-qbehw,26
3063-qfszl,1
8775-lhdjh,1
9625-qnlux,68
3097-nqysn,2
4024-csnby,72
7110-bdtwg,71
7493-gvfio,57
0690-srqid,4
9605-wgjvw,1
9114-dpsia,72
4700-ubqmv,21
7711-gqbzc,71
3565-unocc,29
4627-mihjh,69
9795-nrexc,64
8573-cgocc,16
7356-aynjp,4
9249-fxsck,52
5493-sdrdq,2
6286-suuwt,1
4819-hjpiw,18
8654-dhaow,2
5438-qmddl,19
9812-ghvri,40
5553-aoinx,66
1228-zlnbx,21
4226-kkdon,8
3831-ycpuo,72
7445-wmrbw,48
3308-dghkl,69
9924-jprmc,72
0080-emyvy,14
6218-knubd,6
7337-cinud,8
7609-nrnca,17
0623-ejqeg,65
7153-chrbv,57
0871-uruwo,13
9190-mfjln,19
6198-pnnsz,56
3317-vlgqt,14
4132-poczs,52
5614-dnzce,58
1095-judtc,47
3896-rcyye,67
9638-jiqya,2
3258-sanfr,6
3726-tbhqt,71
3190-itqxp,46
0870-vemyl,5
4833-qtjno,67
3039-mjsln,3
0178-ciikr,3
5385-suiri,52
3982-xwfzq,42
5774-qpltf,50
2322-vczhz,23
5010-ipeaq,67
4009-alqfh,25
6383-ztsiw,39
8990-yozlv,69
3069-ssvsn,1
5222-imukt,32
3627-fcrdw,9
7562-gsuhk,16
6685-xshhu,60
8901-uprhr,72
4903-uyavb,5
0118-jpnoy,26
6776-tlwoi,3
3845-fxcys,2
5857-xrecv,2
0725-cxotm,36
4343-ejvqb,7
9000-plfuz,60
3427-ggzzi,19
7779-orael,45
0644-oqmdk,4
4077-cromm,31
3154-cfszg,47
2868-mzagq,1
4847-qnoka,1
2220-iahls,1
1658-xuhbx,59
6379-rxjrq,10
2378-htwfw,35
8650-rhrke,4
4377-vdhyi,32
0475-rijep,43
1260-ttrxi,4
3719-tdvqb,54
6328-zpbgn,11
0201-mibol,66
4937-qpzpo,61
2925-vdzhy,72
6981-tdrft,44
3413-cssth,41
8033-vczgh,50
4789-kwmxn,47
0224-nijlp,8
7542-cyddm,18
4718-wxbgi,72
2867-uimss,1
8495-prwfh,42
0439-ifyun,18
5716-libjc,13
2868-llskm,68
8111-rkspx,4
2988-qrajy,69
1585-mqssu,17
0071-ndafp,25
2856-nnasm,43
7328-zjajo,59
6458-cyidz,5
8559-cizfv,21
1090-pykci,69
3058-wqdre,13
7547-eknfs,42
2279-axjjk,52
6769-dybqn,46
0909-selie,61
3417-tscic,29
1042-hfucw,25
4439-jmpmt,5
6537-otkmy,15
8999-exmno,19
6725-tpkjo,44
2446-beggb,6
7162-wphpm,58
1599-mmyrq,62
8821-kvzkq,70
1496-ggsuk,1
6434-ttgjp,10
0042-jvwoj,26
0130-sxoun,66
2575-gfsoe,7
2330-pqgdq,51
1452-uzosf,72
2097-yvpkn,65
2842-jtccu,2
8597-ctxvj,70
6631-hmanx,72
9962-bfpdu,1
3296-silra,1
9681-oxgvc,5
6394-hhhzm,3
5995-lftle,58
5180-uciiq,22
1932-uedcx,33
7153-oanio,1
5188-hgmlp,54
0665-xhdju,72
6521-yytyi,1
8878-hmwbv,3
8265-hksow,72
3544-fbcas,72
5331-rgmtt,54
4759-pxtan,59
7054-dmvas,54
3428-mmgub,60
6549-btypg,60
7823-jsoag,3
3705-rhrfr,69
9374-yolbj,1
9074-kgvox,50
6128-dafvy,56
9933-qrgtx,60
4476-oswtn,69
3751-ktzel,1
1977-stdki,1
5066-gfjmm,3
2661-gkbtk,60
0458-heuzg,13
7268-wntcp,62
0824-vwdpo,45
8409-wqjux,25
2578-jqphz,44
3278-fsixx,2
5813-uecbu,33
0328-grpmv,1
9746-ugfac,22
2946-kiqsp,35
0625-afohs,29
6726-wexxk,27
4636-olwoe,54
4342-hentk,2
4685-erghk,57
0885-hmgpy,62
5003-oknnk,15
4195-smmnx,2
7208-psihr,70
4012-zthbr,21
0489-wmemg,23
7435-znuyy,6
1354-yzfnb,4
6956-smucm,3
2985-fmwyf,23
2812-enymo,26
2717-hvizy,8
3223-wzwjm,26
3422-galyp,2
9053-jzfkv,67
2530-endwq,71
2890-wfbhu,59
0327-wfzsy,39
7977-hxjku,21
6615-zgedr,1
7033-clamm,48
4023-rtiqm,31
0864-fvjnj,64
7356-iwlfw,46
9541-pwtwo,52
3967-vqogc,67
7872-rddlz,67
9250-wypll,5
6308-cqrbu,71
2754-xbhtb,9
1597-lhync,26
0186-caerr,71
3043-sudua,32
5442-bhqng,2
2169-rrlfw,71
5872-oeqnh,60
3162-kkzxo,55
7055-vkgda,54
0754-ukwqp,2
8873-gldmh,6
5696-jvvqy,48
8946-bfwsg,63
7493-tpuwz,1
0547-hurjb,12
8904-opdck,54
8845-lwkge,30
1577-hktfg,30
8752-stivr,4
0691-nikri,40
5022-jnqeq,9
4558-fantw,17
3249-vhrip,62
3736-blepa,28
4701-lkozd,70
6603-qwspr,46
9921-qfqul,23
1929-zcbhe,47
4378-mypgo,68
8651-enbzx,60
4129-lycoi,67
7798-jvxym,14
8647-sdtwq,57
2696-ecxkc,55
2081-kjsqf,1
7623-trnqn,1
3323-cpbwr,23
9330-ijwio,13
3384-ctmsf,47
0902-rfhof,38
9286-dojgf,38
6048-qbxkl,2
9661-mhumo,1
7718-rxdgg,15
1025-falix,26
3451-vawli,35
3407-qgwlg,3
1842-ezjmk,50
2347-wkkae,42
8735-dcxnf,10
3214-iyuuq,61
1936-uafeh,68
3587-pmcoy,10
8079-xrjrs,65
1027-lkkqq,72
7148-xzpha,55
8073-ijdcm,1
5309-taikl,7
6856-raurs,2
8778-lmwtj,9
9717-ioaaf,27
8884-adfvn,7
2845-kdhvx,64
0848-somko,70
2720-wgkhp,2
6734-fqajx,67
2869-adawr,45
1535-vtjoq,24
6368-tzzdt,4
0943-zqpxh,44
1293-bseun,72
9894-ezewg,1
1302-tpubn,66
7851-flggq,1
0637-ubjrp,13
0940-ouqec,10
2378-vtkdh,65
0927-cngrh,1
8608-oztlb,38
2335-gsoda,23
1952-dvvsw,10
0702-pgibz,4
6656-guljq,72
9853-jfzdu,35
1963-vaukv,1
3777-xrobg,58
6994-fgrhh,70
4000-vgmqp,38
3999-wrngr,60
3466-ritxd,26
2680-xkknj,8
3058-hjcuy,41
2974-gguxs,36
7994-xirtr,54
3259-fdwoy,71
2101-rancd,55
7921-bepci,72
0807-zabdg,3
8510-tmwyb,54
3258-zkpai,72
1428-iedpr,52
5298-gstlm,60
4450-yoohp,39
6728-czfei,15
5748-rncjt,69
3653-ncrdj,43
6121-tnhbo,63
5119-nzptv,2
6519-zhpxp,72
7739-laxog,32
3472-qprch,40
8224-uaxbz,58
9610-wcesf,67
9776-cluja,51
2486-wyvve,31
3865-zykad,69
1422-dgubx,32
2999-aanrq,21
8668-knzti,52
0480-kyjva,72
6034-zrycv,72
9746-ykgxb,52
3926-yzvvx,41
6000-uklwi,41
2079-fbmzk,6
6332-fbzri,67
2096-xotmo,16
3266-ftkhb,17
8221-eqdgl,35
2346-locwc,58
6608-qqlvk,1
0298-xacet,52
7560-qjavj,70
2995-ywtcd,19
3551-huazh,1
9137-uiypg,35
2809-zmyoq,32
5084-oovcj,17
0254-wwrkd,67
7727-shvzv,9
6302-jgyrj,31
5339-pxdvh,4
2205-lpvgl,58
8782-nuuol,60
3685-ylcmq,58
7601-wfvzv,1
4609-knnwg,27
4868-aadlv,66
9529-ofxhy,15
8634-mphtr,47
2669-qvcrg,41
2478-eewwm,59
9174-ihetn,50
2233-txsiu,17
9644-umgqa,6
3256-ezdbi,51
8761-nsobc,44
0419-yaapx,49
8413-vonuo,2
0872-caszj,59
4726-dlwqn,50
8164-ockuj,59
3094-jojai,18
9494-mrnyx,10
2599-czabp,14
7945-prbvf,35
4544-rxfmg,8
0859-ygkfw,18
1150-ftqgn,60
9223-ucpvt,1
7196-liwrh,6
5448-vwnam,19
1177-xzbjl,53
3518-fstwg,72
9330-vofsz,60
4351-qlcsu,1
0939-eremr,13
9389-acwbi,5
5419-jprrn,1
3644-qxehn,13
2911-ijorq,37
5921-ngyrh,64
2100-bdnsn,5
5998-dzlyr,61
0488-gslfr,1
9318-nknfc,1
3985-hoypm,26
9728-fttvz,1
9548-lerkt,24
6576-fbxoj,17
4310-kedtb,26
7254-iqwoz,1
2474-brucm,40
4062-hbmos,52
0742-nxbgr,1
2676-ishsf,1
9236-nducw,21
4753-padas,67
6103-qckfx,44
7781-ewara,70
6110-ohihy,3
7018-fpxhh,56
5889-lfoll,13
5708-evonk,58
8708-xpxhz,42
0616-atfgb,1
0572-zjklt,46
5135-rddql,63
1353-ljwem,11
1794-swwkl,15
6166-yipfo,72
7016-bpgeu,29
6876-adesb,1
9332-gywlo,6
1963-svucv,1
4184-vodjz,63
0220-ebgce,2
1092-wpivq,18
7233-ioqnp,43
2834-jkoow,15
2754-vdltr,10
2400-feqme,55
3190-xfani,49
7551-dacsp,6
4957-sreec,70
7235-nxzcp,2
0230-ubypq,63
4923-adwxj,25
1763-kuaaw,18
1104-tnlza,28
5195-kpunq,53
0520-fdvvt,35
3439-gvusx,1
1444-vvsgw,70
5712-ptiww,2
5949-hgvjl,26
5203-xehax,34
1635-hdgft,19
3315-totbp,15
8050-xgrvl,62
6661-hbgwl,42
1518-vowav,9
9828-qhfbk,24
3908-mkimj,68
5012-yspjj,31
5909-echui,1
1309-bxvoq,21
6728-voify,63
9317-wzpgv,2
4891-nluba,61
2856-hyapg,1
8969-prhfk,18
0661-kqhnk,6
8709-krdvl,33
4488-psycg,16
1427-versm,56
9801-noshq,23
6339-ypsah,9
3621-ceovk,14
6906-andwj,15
2159-turxx,5
1548-fehvl,61
3795-cawex,70
6215-nqcpy,15
5647-urdka,8
2229-dpmbi,8
9626-weqrm,4
2188-sxwvt,34
6258-pvzwj,68
1094-bkosx,45
6969-mvbai,9
2978-xxsog,22
2342-ckiao,2
6953-pbdin,70
3898-bsjyf,10
3938-yfpxd,72
7696-amhod,49
2453-safns,54
9558-ihezx,71
9617-udpeu,22
6340-dacft,50
4955-vcwbi,43
6813-gzqcg,45
7426-gswpo,64
3389-ktrxv,23
3118-uhvvq,68
1031-iideo,1
5832-xkaes,2
3205-mxzra,26
4701-ahwmw,55
8317-bvkso,14
5702-kvqrd,71
0083-pivik,64
9210-iahgh,7
6169-pgncd,57
0023-xuopt,13
4592-iwtji,3
4909-joupp,72
4657-fwvfy,40
2257-bovxd,14
7729-jteec,2
7632-mnyoy,66
6518-lgaov,38
7242-qzlxf,1
4576-csajh,22
1000-ajsld,1
9696-rmyba,5
8690-upczi,29
1062-lhzod,1
9770-lxdbk,3
4086-witjg,71
8344-wfmfh,9
9600-naxzn,43
8822-knbhv,48
8404-fydib,26
2791-sfvew,9
6457-usber,1
6762-nsodu,46
4662-ekdpq,2
9248-ojykk,1
9888-zcumm,64
3398-fshon,12
3319-dwoep,6
1074-wvevg,59
9979-rgmzt,7
6437-udqjm,72
1226-ienzn,16
2108-glpqb,25
9259-pacgq,34
4415-ijztp,1
1465-vindh,10
5474-lamuq,24
3468-drvqj,10
1122-yjbcs,69
4990-aldgw,57
4816-okwnx,50
3315-ikyzq,28
2810-ftlem,16
4747-lcaql,25
3411-wlrsq,3
0898-xcgtf,61
8006-pycsw,2
8249-thvec,51
8722-prfdv,71
2164-soqxl,20
4020-kiudi,6
5850-bdwcy,6
2038-yseze,29
0827-itjph,36
8799-oxzmd,28
1925-tible,7
1705-guhpv,63
4779-zgick,48
0048-pihnl,49
0818-ocpzo,27
3967-kxaps,72
1447-giqmr,1
3704-ieaxf,72
6810-vcaex,47
0674-eyyzv,1
4480-mbmlb,36
1395-ofuwc,43
0822-qgcxa,27
0872-nxjys,9
2832-kjcrd,38
3588-wsttj,35
4075-wkniu,0
5090-emgtc,59
2346-czyil,27
3798-epwrr,2
6258-ngcng,7
4186-zbuew,36
5274-xhaky,41
1442-bqpvu,13
3978-ynkdd,19
4940-khcwd,60
9412-argbx,48
1389-cxmlu,3
9589-abept,69
9388-zeyvt,43
0305-sqecb,11
7605-snlqg,45
4670-tabxh,72
5561-nwevx,2
0064-sudog,12
8561-nmtbd,67
5161-xeuvx,37
8292-frfzq,39
8591-nxrcv,41
7895-vonwt,25
4526-rmtll,8
6253-gnhwh,71
4566-necev,5
8080-potjr,30
6906-mpary,40
3662-fxjfo,54
8107-rzlnv,72
0516-oohar,28
2027-cwdnu,18
2737-wfvyw,2
9912-omzds,59
3733-zeecp,22
7878-rtczg,1
2452-mrmzf,72
2272-qagfo,14
7103-ipxpj,50
4342-hfxws,48
3545-cnwrg,49
1785-bphtp,28
4989-lixvt,68
7315-wyoaw,13
1173-xzpyf,11
9850-owrhq,3
3768-nlubh,57
8676-trmjs,3
2509-tfpju,72
9530-grmjg,70
6898-rbtlu,49
5481-ntdoh,67
2068-wwxqz,46
7359-ssbjk,64
2061-vvfst,37
0685-mlyym,2
0749-irgqe,13
2380-damqp,72
2256-ylylp,68
1272-ilhfg,15
0164-xairp,24
5666-cycyz,24
4011-arphk,27
8182-pnagi,12
6365-hitvu,71
7558-imlmt,67
9488-fyqau,63
3590-tcxtb,1
6994-kerxl,4
7957-ryhqd,40
2180-dxneg,12
1960-uotym,52
2740-jfbok,10
6500-jvegc,68
5515-akoaj,54
8976-oqhgt,4
5245-vdbur,52
6230-bsuxy,1
8469-snffh,70
2144-eswko,43
1241-fpmof,52
9928-bzvlz,12
4114-qmkvn,56
2775-sefee,0
9003-cpath,42
1754-gkypy,22
5294-cdgwy,51
7956-xqwgu,27
1591-mqjtp,51
5295-pcjoo,4
2369-fevno,1
9863-jzaic,35
7471-mqpos,71
7660-hdpjv,1
5115-sqaau,69
9845-qomad,14
7672-vfmxz,57
9739-jlpqj,72
9916-ayhtc,48
3855-oncar,4
1488-sysfc,31
7931-pxhfc,38
3990-qykbe,37
0970-qxpxw,1
3259-knmrr,57
6120-rjklu,62
9572-wuksb,3
5893-kclgt,72
0076-lveps,29
3640-jqgjg,13
4919-moavt,3
1596-oqsps,11
9867-xobqa,21
9546-kdtrb,19
3090-hawsu,61
9820-rmcqv,11
3174-rkmow,35
1760-cazht,25
7839-qrkxn,1
8441-shipe,67
5204-qzxpu,19
4597-elfts,56
1320-gvnht,72
1047-rnxzv,43
3541-znuhk,55
8450-jovah,2
8725-jedfd,27
7562-uxtpg,13
8071-sbtrn,70
1113-iujyx,14
6668-cnmfp,19
5626-mgtuk,20
5681-lloei,43
8212-djrch,5
4323-ohfow,70
4933-bsaip,40
2030-btzro,6
1116-dxxdf,39
9274-cnfmo,4
7758-xkcbs,15
8992-jqyun,1
6563-vnpmn,45
0617-aqnwt,64
2267-wtpyd,57
0270-thenm,72
2446-plqvo,1
4707-maxgu,72
2710-wyvxg,3
3005-nfmta,55
6300-bwmjx,59
8784-cgiln,18
5389-ffvkb,32
7009-lgeci,4
8444-wridw,66
5022-kvdqt,27
7976-cicys,4
1036-gudcl,60
2005-dwqzj,8
8148-wocmk,8
7815-pdthl,35
9451-lpgoo,7
9173-ivzvp,53
9129-uxerg,18
3635-jbpsg,15
7964-zrkkg,67
5868-ywpdw,6
6229-lsckb,6
2025-jkfwi,13
4078-sayyn,11
1724-iqwnm,1
8217-qyohv,5
5546-queru,13
9940-hpqpg,9
6897-uubnu,29
6127-iyjoz,1
6618-ryatb,1
8930-xotdp,18
5916-qewpt,2
5060-tquqn,30
0531-xbkmm,66
8465-sbrxp,38
2408-psjve,44
9079-yexqj,54
9700-zclot,2
8738-jokar,42
4534-wgcir,58
1930-wnxsb,58
2685-sreom,25
3508-cfvzl,71
0402-cqajn,37
6692-udpjc,14
1273-mteti,4
0657-dogum,48
5480-hprrx,3
8792-aoroi,8
0295-pphdo,1
5146-yyfrz,67
1195-oiyej,13
5906-cvlhp,45
3452-srfeg,49
4070-okwvh,52
5297-mdoir,63
6369-mcako,68
4926-umjzd,31
6848-hjtxy,64
6341-aevkx,62
4501-eqdrn,1
2990-hwiml,6
0682-usixd,21
6976-bwglq,72
7078-nvfam,32
8065-qbyto,71
2133-tsrrm,34
7384-ghbpi,3
7603-ushjs,12
7234-fecyn,8
2511-allcs,35
3191-csnmg,3
7952-oboyl,3
7470-dynoe,53
7853-oetyl,4
1545-actas,48
5876-hzvzm,6
1400-mmyxy,3
5126-rcxyw,54
3085-quozk,1
2363-bjlsl,62
1956-yifge,22
3926-cuqzx,1
7921-lmdfq,51
2925-mxlsx,30
5820-ptrym,56
9609-benea,35
6211-whmya,64
4459-bbghe,30
9945-psvip,25
1041-rxhra,41
1750-cskkm,9
9108-ejfjp,1
0530-ijvdb,70
0508-sqwpl,57
2215-zafgx,9
8213-tazpm,69
7142-hvgbg,43
1304-segfy,72
7242-edtyc,44
2904-gguaz,72
8267-znyvz,33
5136-gfpmb,54
2595-kiwpv,27
5243-saotc,54
9398-mmqto,3
7619-plrlp,53
6457-girwb,1
6508-njyro,15
1450-skcvi,56
4710-nkcaw,5
5306-bvtkj,48
0357-nvcri,25
5570-ptweh,3
2371-kfuog,58
0463-zsdnt,10
6502-mjqae,1
6257-dtayd,71
4616-ulaoa,65
7693-lckzl,5
7746-awnqw,28
5996-ebtkm,67
2758-rnwxs,35
2314-tndjq,72
2405-lbmuw,61
3454-jfubc,68
0032-pgels,1
9039-zvjdc,3
6797-lnaqx,70
9013-aqorl,48
2898-mrkpi,68
2750-bjlsb,47
3648-gzphf,32
2075-rmjik,5
9588-yrfhy,49
6394-mfyng,48
1564-ntyxf,13
9364-ykuvw,15
5392-akemh,12
2451-ymuxs,67
3914-fdrhp,9
3078-zknts,13
1024-kprbb,38
4690-pkdqg,42
8155-ibnhg,24
0886-qgenl,27
9547-itefg,9
1264-fuhcx,49
7789-cruvc,61
6598-kelss,50
8739-wwkdu,25
8685-whqpw,22
4745-lsplo,1
8083-ytzes,4
7240-fqlhe,18
6664-fpdac,56
9972-vafjj,53
0422-uxfap,51
1904-wajaa,24
5130-ypirv,62
2843-cqmeg,24
6439-pktrr,70
5351-qesio,1
0786-vssud,16
5568-dmxzs,8
8468-fztoe,72
6633-syeus,23
6447-gorxk,31
6967-pejll,37
3976-bwuck,30
5981-zvxot,35
1684-flbgs,23
1389-wnuib,20
0376-oiwme,36
3585-isxzp,8
0218-qnvas,71
6583-qgcsi,50
0804-ygeqv,43
7164-bptut,57
4174-lpgti,41
2523-ewwzl,27
0928-xutsn,13
2108-xwmpy,3
0052-ynyot,67
6304-ijfsq,3
9586-jgqkh,64
4501-vcpfk,26
6075-slnil,38
9347-aerrl,23
0093-xwzfy,40
2274-xuata,72
1980-kxvpm,3
7703-zekef,23
0723-drclg,1
5482-nupna,4
6691-cciha,62
1685-bqula,40
9053-ejunl,41
0666-uxtjo,34
1471-giqkq,1
4807-izyoz,51
1122-jwtjw,1
9710-njern,39
9837-fwlch,12
1699-hpsbg,12
7203-oykct,72
1035-ipqpu,63
7398-lxgyx,44
2823-lkabh,18
8775-cebbj,9
0550-dcxlh,13
9281-cedru,68
2235-dwlju,6
0871-opbxw,2
3605-jiskb,55
6894-lfhly,1
9767-fflem,38
0639-tsiqw,67
8456-qdavc,19
7750-eyxwz,12
2569-wgero,72
6840-resvb,24
2234-xaduh,72
4801-jzazl,11
8361-ltmkd,4
3186-ajiek,66
